country_region_code,country_region,sub_region_1,sub_region_2,metro_area,iso_3166_2_code,census_fips_code,place_id,date,retail_and_recreation_percent_change_from_baseline,grocery_and_pharmacy_percent_change_from_baseline,parks_percent_change_from_baseline,transit_stations_percent_change_from_baseline,workplaces_percent_change_from_baseline,residential_percent_change_from_baseline
DO,Dominican Republic,,,,,NA,ChIJ9bbx3jiIr44R4PcNBiQPAqY,15/02/2020,0,6,1,-2,-1,1
DO,Dominican Republic,,,,,NA,ChIJ9bbx3jiIr44R4PcNBiQPAqY,16/02/2020,-18,-9,-12,-13,-9,3
DO,Dominican Republic,,,,,NA,ChIJ9bbx3jiIr44R4PcNBiQPAqY,17/02/2020,0,4,-2,-8,-2,1
DO,Dominican Republic,,,,,NA,ChIJ9bbx3jiIr44R4PcNBiQPAqY,18/02/2020,-1,0,-3,4,3,-1
DO,Dominican Republic,,,,,NA,ChIJ9bbx3jiIr44R4PcNBiQPAqY,19/02/2020,-4,-2,3,0,1,1
DO,Dominican Republic,,,,,NA,ChIJ9bbx3jiIr44R4PcNBiQPAqY,20/02/2020,0,-2,6,0,1,1
DO,Dominican Republic,,,,,NA,ChIJ9bbx3jiIr44R4PcNBiQPAqY,21/02/2020,-2,-2,7,1,1,0
DO,Dominican Republic,,,,,NA,ChIJ9bbx3jiIr44R4PcNBiQPAqY,22/02/2020,0,-1,3,0,2,0
DO,Dominican Republic,,,,,NA,ChIJ9bbx3jiIr44R4PcNBiQPAqY,23/02/2020,-6,-7,-6,-3,-4,1
DO,Dominican Republic,,,,,NA,ChIJ9bbx3jiIr44R4PcNBiQPAqY,24/02/2020,0,1,-1,1,4,0
DO,Dominican Republic,,,,,NA,ChIJ9bbx3jiIr44R4PcNBiQPAqY,25/02/2020,0,0,2,2,4,0
DO,Dominican Republic,,,,,NA,ChIJ9bbx3jiIr44R4PcNBiQPAqY,26/02/2020,1,0,0,0,1,0
DO,Dominican Republic,,,,,NA,ChIJ9bbx3jiIr44R4PcNBiQPAqY,27/02/2020,-16,-10,48,-22,-55,14
DO,Dominican Republic,,,,,NA,ChIJ9bbx3jiIr44R4PcNBiQPAqY,28/02/2020,0,4,0,2,-3,1
DO,Dominican Republic,,,,,NA,ChIJ9bbx3jiIr44R4PcNBiQPAqY,29/02/2020,5,9,6,6,3,-1
DO,Dominican Republic,,,,,NA,ChIJ9bbx3jiIr44R4PcNBiQPAqY,01/03/2020,-5,1,-10,-2,-5,1
DO,Dominican Republic,,,,,NA,ChIJ9bbx3jiIr44R4PcNBiQPAqY,02/03/2020,0,5,-9,4,3,1
DO,Dominican Republic,,,,,NA,ChIJ9bbx3jiIr44R4PcNBiQPAqY,03/03/2020,0,5,-4,2,2,0
DO,Dominican Republic,,,,,NA,ChIJ9bbx3jiIr44R4PcNBiQPAqY,04/03/2020,-1,3,1,0,2,0
DO,Dominican Republic,,,,,NA,ChIJ9bbx3jiIr44R4PcNBiQPAqY,05/03/2020,1,1,1,2,2,0
DO,Dominican Republic,,,,,NA,ChIJ9bbx3jiIr44R4PcNBiQPAqY,06/03/2020,-1,0,1,0,2,0
DO,Dominican Republic,,,,,NA,ChIJ9bbx3jiIr44R4PcNBiQPAqY,07/03/2020,2,1,4,3,3,0
DO,Dominican Republic,,,,,NA,ChIJ9bbx3jiIr44R4PcNBiQPAqY,08/03/2020,-11,-8,-16,-8,-5,2
DO,Dominican Republic,,,,,NA,ChIJ9bbx3jiIr44R4PcNBiQPAqY,09/03/2020,-6,-3,-13,-5,2,2
DO,Dominican Republic,,,,,NA,ChIJ9bbx3jiIr44R4PcNBiQPAqY,10/03/2020,-3,-1,-6,1,3,0
DO,Dominican Republic,,,,,NA,ChIJ9bbx3jiIr44R4PcNBiQPAqY,11/03/2020,-5,-2,-2,-4,1,1
DO,Dominican Republic,,,,,NA,ChIJ9bbx3jiIr44R4PcNBiQPAqY,12/03/2020,-4,0,-6,-5,0,1
DO,Dominican Republic,,,,,NA,ChIJ9bbx3jiIr44R4PcNBiQPAqY,13/03/2020,-3,12,-5,-9,-10,3
DO,Dominican Republic,,,,,NA,ChIJ9bbx3jiIr44R4PcNBiQPAqY,14/03/2020,-7,15,-4,-7,-1,2
DO,Dominican Republic,,,,,NA,ChIJ9bbx3jiIr44R4PcNBiQPAqY,15/03/2020,-22,-4,-9,-15,-9,1
DO,Dominican Republic,,,,,NA,ChIJ9bbx3jiIr44R4PcNBiQPAqY,16/03/2020,-8,5,-6,-18,-11,4
DO,Dominican Republic,,,,,NA,ChIJ9bbx3jiIr44R4PcNBiQPAqY,17/03/2020,-14,12,-18,-21,-13,6
DO,Dominican Republic,,,,,NA,ChIJ9bbx3jiIr44R4PcNBiQPAqY,18/03/2020,-25,5,-25,-27,-22,10
DO,Dominican Republic,,,,,NA,ChIJ9bbx3jiIr44R4PcNBiQPAqY,19/03/2020,-53,-21,-46,-53,-46,20
DO,Dominican Republic,,,,,NA,ChIJ9bbx3jiIr44R4PcNBiQPAqY,20/03/2020,-66,-35,-57,-64,-58,27
DO,Dominican Republic,,,,,NA,ChIJ9bbx3jiIr44R4PcNBiQPAqY,21/03/2020,-73,-48,-65,-74,-59,25
DO,Dominican Republic,,,,,NA,ChIJ9bbx3jiIr44R4PcNBiQPAqY,22/03/2020,-76,-57,-70,-78,-51,21
DO,Dominican Republic,,,,,NA,ChIJ9bbx3jiIr44R4PcNBiQPAqY,23/03/2020,-68,-41,-60,-77,-68,30
DO,Dominican Republic,,,,,NA,ChIJ9bbx3jiIr44R4PcNBiQPAqY,24/03/2020,-74,-50,-63,-80,-71,30
DO,Dominican Republic,,,,,NA,ChIJ9bbx3jiIr44R4PcNBiQPAqY,25/03/2020,-75,-53,-63,-81,-73,32
DO,Dominican Republic,,,,,NA,ChIJ9bbx3jiIr44R4PcNBiQPAqY,26/03/2020,-76,-55,-64,-83,-74,33
DO,Dominican Republic,,,,,NA,ChIJ9bbx3jiIr44R4PcNBiQPAqY,27/03/2020,-78,-58,-68,-84,-75,35
DO,Dominican Republic,,,,,NA,ChIJ9bbx3jiIr44R4PcNBiQPAqY,28/03/2020,-79,-60,-70,-84,-66,28
DO,Dominican Republic,,,,,NA,ChIJ9bbx3jiIr44R4PcNBiQPAqY,29/03/2020,-80,-63,-73,-84,-56,23
DO,Dominican Republic,,,,,NA,ChIJ9bbx3jiIr44R4PcNBiQPAqY,30/03/2020,-70,-45,-61,-80,-72,31
DO,Dominican Republic,,,,,NA,ChIJ9bbx3jiIr44R4PcNBiQPAqY,31/03/2020,-74,-52,-64,-82,-73,31
DO,Dominican Republic,,,,,NA,ChIJ9bbx3jiIr44R4PcNBiQPAqY,01/04/2020,-75,-55,-63,-83,-73,33
DO,Dominican Republic,,,,,NA,ChIJ9bbx3jiIr44R4PcNBiQPAqY,02/04/2020,-75,-55,-64,-83,-73,33
DO,Dominican Republic,,,,,NA,ChIJ9bbx3jiIr44R4PcNBiQPAqY,03/04/2020,-75,-53,-64,-83,-72,34
DO,Dominican Republic,,,,,NA,ChIJ9bbx3jiIr44R4PcNBiQPAqY,04/04/2020,-77,-56,-68,-82,-63,27
DO,Dominican Republic,,,,,NA,ChIJ9bbx3jiIr44R4PcNBiQPAqY,05/04/2020,-78,-60,-71,-83,-53,22
DO,Dominican Republic,,,,,NA,ChIJ9bbx3jiIr44R4PcNBiQPAqY,06/04/2020,-71,-51,-62,-82,-70,31
DO,Dominican Republic,,,,,NA,ChIJ9bbx3jiIr44R4PcNBiQPAqY,07/04/2020,-72,-51,-62,-81,-71,30
DO,Dominican Republic,,,,,NA,ChIJ9bbx3jiIr44R4PcNBiQPAqY,08/04/2020,-72,-51,-62,-82,-71,31
DO,Dominican Republic,,,,,NA,ChIJ9bbx3jiIr44R4PcNBiQPAqY,09/04/2020,-70,-46,-60,-81,-73,32
DO,Dominican Republic,,,,,NA,ChIJ9bbx3jiIr44R4PcNBiQPAqY,10/04/2020,-84,-73,-69,-88,-83,38
DO,Dominican Republic,,,,,NA,ChIJ9bbx3jiIr44R4PcNBiQPAqY,11/04/2020,-78,-58,-69,-85,-67,28
DO,Dominican Republic,,,,,NA,ChIJ9bbx3jiIr44R4PcNBiQPAqY,12/04/2020,-78,-62,-71,-85,-54,22
DO,Dominican Republic,,,,,NA,ChIJ9bbx3jiIr44R4PcNBiQPAqY,13/04/2020,-70,-51,-61,-81,-68,31
DO,Dominican Republic,,,,,NA,ChIJ9bbx3jiIr44R4PcNBiQPAqY,14/04/2020,-71,-51,-61,-81,-69,30
DO,Dominican Republic,,,,,NA,ChIJ9bbx3jiIr44R4PcNBiQPAqY,15/04/2020,-70,-50,-60,-81,-68,31
DO,Dominican Republic,,,,,NA,ChIJ9bbx3jiIr44R4PcNBiQPAqY,16/04/2020,-69,-47,-59,-80,-69,32
DO,Dominican Republic,,,,,NA,ChIJ9bbx3jiIr44R4PcNBiQPAqY,17/04/2020,-70,-47,-60,-80,-68,32
DO,Dominican Republic,,,,,NA,ChIJ9bbx3jiIr44R4PcNBiQPAqY,18/04/2020,-74,-54,-66,-81,-59,25
DO,Dominican Republic,,,,,NA,ChIJ9bbx3jiIr44R4PcNBiQPAqY,19/04/2020,-75,-58,-69,-82,-49,21
DO,Dominican Republic,,,,,NA,ChIJ9bbx3jiIr44R4PcNBiQPAqY,20/04/2020,-68,-49,-59,-80,-66,29
DO,Dominican Republic,,,,,NA,ChIJ9bbx3jiIr44R4PcNBiQPAqY,21/04/2020,-72,-54,-63,-81,-69,31
DO,Dominican Republic,,,,,NA,ChIJ9bbx3jiIr44R4PcNBiQPAqY,22/04/2020,-68,-49,-59,-79,-67,30
DO,Dominican Republic,,,,,NA,ChIJ9bbx3jiIr44R4PcNBiQPAqY,23/04/2020,-68,-48,-59,-80,-67,31
DO,Dominican Republic,,,,,NA,ChIJ9bbx3jiIr44R4PcNBiQPAqY,24/04/2020,-69,-49,-60,-80,-66,31
DO,Dominican Republic,,,,,NA,ChIJ9bbx3jiIr44R4PcNBiQPAqY,25/04/2020,-71,-52,-63,-80,-57,25
DO,Dominican Republic,,,,,NA,ChIJ9bbx3jiIr44R4PcNBiQPAqY,26/04/2020,-72,-55,-66,-82,-47,20
DO,Dominican Republic,,,,,NA,ChIJ9bbx3jiIr44R4PcNBiQPAqY,27/04/2020,-66,-49,-57,-79,-63,30
DO,Dominican Republic,,,,,NA,ChIJ9bbx3jiIr44R4PcNBiQPAqY,28/04/2020,-66,-47,-56,-78,-64,26
DO,Dominican Republic,,,,,NA,ChIJ9bbx3jiIr44R4PcNBiQPAqY,29/04/2020,-66,-47,-56,-78,-64,29
DO,Dominican Republic,,,,,NA,ChIJ9bbx3jiIr44R4PcNBiQPAqY,30/04/2020,-65,-46,-57,-78,-64,30
DO,Dominican Republic,,,,,NA,ChIJ9bbx3jiIr44R4PcNBiQPAqY,01/05/2020,-66,-46,-58,-78,-63,30
DO,Dominican Republic,,,,,NA,ChIJ9bbx3jiIr44R4PcNBiQPAqY,02/05/2020,-67,-47,-60,-77,-53,23
DO,Dominican Republic,,,,,NA,ChIJ9bbx3jiIr44R4PcNBiQPAqY,03/05/2020,-70,-50,-63,-79,-43,18
DO,Dominican Republic,,,,,NA,ChIJ9bbx3jiIr44R4PcNBiQPAqY,04/05/2020,-70,-52,-58,-82,-73,31
DO,Dominican Republic,,,,,NA,ChIJ9bbx3jiIr44R4PcNBiQPAqY,05/05/2020,-62,-44,-54,-74,-60,26
DO,Dominican Republic,,,,,NA,ChIJ9bbx3jiIr44R4PcNBiQPAqY,06/05/2020,-63,-43,-53,-75,-61,28
DO,Dominican Republic,,,,,NA,ChIJ9bbx3jiIr44R4PcNBiQPAqY,07/05/2020,-63,-42,-53,-76,-61,29
DO,Dominican Republic,,,,,NA,ChIJ9bbx3jiIr44R4PcNBiQPAqY,08/05/2020,-63,-41,-54,-74,-60,29
DO,Dominican Republic,,,,,NA,ChIJ9bbx3jiIr44R4PcNBiQPAqY,09/05/2020,-64,-43,-56,-75,-49,22
DO,Dominican Republic,,,,,NA,ChIJ9bbx3jiIr44R4PcNBiQPAqY,10/05/2020,-67,-47,-60,-77,-40,18
DO,Dominican Republic,,,,,NA,ChIJ9bbx3jiIr44R4PcNBiQPAqY,11/05/2020,-61,-42,-52,-75,-57,27
DO,Dominican Republic,,,,,NA,ChIJ9bbx3jiIr44R4PcNBiQPAqY,12/05/2020,-61,-41,-52,-74,-58,26
DO,Dominican Republic,,,,,NA,ChIJ9bbx3jiIr44R4PcNBiQPAqY,13/05/2020,-62,-43,-52,-75,-58,27
DO,Dominican Republic,,,,,NA,ChIJ9bbx3jiIr44R4PcNBiQPAqY,14/05/2020,-63,-43,-53,-76,-59,27
DO,Dominican Republic,,,,,NA,ChIJ9bbx3jiIr44R4PcNBiQPAqY,15/05/2020,-63,-41,-53,-75,-57,28
DO,Dominican Republic,,,,,NA,ChIJ9bbx3jiIr44R4PcNBiQPAqY,16/05/2020,-63,-40,-53,-73,-46,22
DO,Dominican Republic,,,,,NA,ChIJ9bbx3jiIr44R4PcNBiQPAqY,17/05/2020,-65,-44,-57,-75,-36,17
DO,Dominican Republic,,,,,NA,ChIJ9bbx3jiIr44R4PcNBiQPAqY,18/05/2020,-57,-38,-48,-73,-53,25
DO,Dominican Republic,,,,,NA,ChIJ9bbx3jiIr44R4PcNBiQPAqY,19/05/2020,-57,-36,-47,-72,-53,24
DO,Dominican Republic,,,,,NA,ChIJ9bbx3jiIr44R4PcNBiQPAqY,20/05/2020,-48,-33,-44,-67,-48,22
DO,Dominican Republic,,,,,NA,ChIJ9bbx3jiIr44R4PcNBiQPAqY,21/05/2020,-47,-32,-44,-66,-49,24
DO,Dominican Republic,,,,,NA,ChIJ9bbx3jiIr44R4PcNBiQPAqY,22/05/2020,-49,-31,-45,-65,-47,23
DO,Dominican Republic,,,,,NA,ChIJ9bbx3jiIr44R4PcNBiQPAqY,23/05/2020,-48,-31,-46,-63,-33,17
DO,Dominican Republic,,,,,NA,ChIJ9bbx3jiIr44R4PcNBiQPAqY,24/05/2020,-59,-40,-54,-71,-30,16
DO,Dominican Republic,,,,,NA,ChIJ9bbx3jiIr44R4PcNBiQPAqY,25/05/2020,-40,-26,-39,-60,-44,20
DO,Dominican Republic,,,,,NA,ChIJ9bbx3jiIr44R4PcNBiQPAqY,26/05/2020,-42,-29,-41,-61,-43,19
DO,Dominican Republic,,,,,NA,ChIJ9bbx3jiIr44R4PcNBiQPAqY,27/05/2020,-43,-31,-41,-62,-44,20
DO,Dominican Republic,,,,,NA,ChIJ9bbx3jiIr44R4PcNBiQPAqY,28/05/2020,-44,-32,-44,-62,-44,21
DO,Dominican Republic,,,,,NA,ChIJ9bbx3jiIr44R4PcNBiQPAqY,29/05/2020,-43,-27,-41,-61,-43,20
DO,Dominican Republic,,,,,NA,ChIJ9bbx3jiIr44R4PcNBiQPAqY,30/05/2020,-39,-21,-39,-57,-26,14
DO,Dominican Republic,,,,,NA,ChIJ9bbx3jiIr44R4PcNBiQPAqY,31/05/2020,-45,-23,-43,-61,-17,11
DO,Dominican Republic,,,,,NA,ChIJ9bbx3jiIr44R4PcNBiQPAqY,01/06/2020,-40,-27,-38,-59,-39,18
DO,Dominican Republic,,,,,NA,ChIJ9bbx3jiIr44R4PcNBiQPAqY,02/06/2020,-41,-28,-39,-58,-40,18
DO,Dominican Republic,,,,,NA,ChIJ9bbx3jiIr44R4PcNBiQPAqY,03/06/2020,-41,-28,-36,-56,-39,19
DO,Dominican Republic,,,,,NA,ChIJ9bbx3jiIr44R4PcNBiQPAqY,04/06/2020,-41,-28,-37,-56,-39,19
DO,Dominican Republic,,,,,NA,ChIJ9bbx3jiIr44R4PcNBiQPAqY,05/06/2020,-42,-27,-38,-56,-38,19
DO,Dominican Republic,,,,,NA,ChIJ9bbx3jiIr44R4PcNBiQPAqY,06/06/2020,-43,-25,-40,-55,-24,14
DO,Dominican Republic,,,,,NA,ChIJ9bbx3jiIr44R4PcNBiQPAqY,07/06/2020,-54,-35,-47,-63,-22,14
DO,Dominican Republic,,,,,NA,ChIJ9bbx3jiIr44R4PcNBiQPAqY,08/06/2020,-37,-23,-35,-52,-35,17
DO,Dominican Republic,,,,,NA,ChIJ9bbx3jiIr44R4PcNBiQPAqY,09/06/2020,-39,-25,-35,-51,-36,16
DO,Dominican Republic,,,,,NA,ChIJ9bbx3jiIr44R4PcNBiQPAqY,10/06/2020,-38,-24,-34,-52,-37,17
DO,Dominican Republic,,,,,NA,ChIJ9bbx3jiIr44R4PcNBiQPAqY,11/06/2020,-53,-34,-35,-68,-62,26
DO,Dominican Republic,,,,,NA,ChIJ9bbx3jiIr44R4PcNBiQPAqY,12/06/2020,-40,-25,-37,-52,-38,18
DO,Dominican Republic,,,,,NA,ChIJ9bbx3jiIr44R4PcNBiQPAqY,13/06/2020,-41,-24,-37,-54,-22,14
DO,Dominican Republic,,,,,NA,ChIJ9bbx3jiIr44R4PcNBiQPAqY,14/06/2020,-47,-28,-40,-59,-15,11
DO,Dominican Republic,,,,,NA,ChIJ9bbx3jiIr44R4PcNBiQPAqY,15/06/2020,-33,-18,-31,-51,-34,15
DO,Dominican Republic,,,,,NA,ChIJ9bbx3jiIr44R4PcNBiQPAqY,16/06/2020,-33,-18,-31,-49,-34,15
DO,Dominican Republic,,,,,NA,ChIJ9bbx3jiIr44R4PcNBiQPAqY,17/06/2020,-36,-22,-32,-52,-36,16
DO,Dominican Republic,,,,,NA,ChIJ9bbx3jiIr44R4PcNBiQPAqY,18/06/2020,-37,-25,-34,-53,-37,17
DO,Dominican Republic,,,,,NA,ChIJ9bbx3jiIr44R4PcNBiQPAqY,19/06/2020,-39,-24,-33,-52,-36,16
DO,Dominican Republic,,,,,NA,ChIJ9bbx3jiIr44R4PcNBiQPAqY,20/06/2020,-38,-23,-35,-52,-20,13
DO,Dominican Republic,,,,,NA,ChIJ9bbx3jiIr44R4PcNBiQPAqY,21/06/2020,-47,-28,-38,-59,-16,11
DO,Dominican Republic,,,,,NA,ChIJ9bbx3jiIr44R4PcNBiQPAqY,22/06/2020,-35,-24,-33,-52,-35,16
DO,Dominican Republic,,,,,NA,ChIJ9bbx3jiIr44R4PcNBiQPAqY,23/06/2020,-34,-21,-32,-50,-36,16
DO,Dominican Republic,,,,,NA,ChIJ9bbx3jiIr44R4PcNBiQPAqY,24/06/2020,-35,-19,-31,-51,-35,16
DO,Dominican Republic,,,,,NA,ChIJ9bbx3jiIr44R4PcNBiQPAqY,25/06/2020,-34,-19,-31,-51,-36,16
DO,Dominican Republic,,,,,NA,ChIJ9bbx3jiIr44R4PcNBiQPAqY,26/06/2020,-38,-20,-34,-50,-36,16
DO,Dominican Republic,,,,,NA,ChIJ9bbx3jiIr44R4PcNBiQPAqY,27/06/2020,-36,-19,-33,-50,-21,12
DO,Dominican Republic,,,,,NA,ChIJ9bbx3jiIr44R4PcNBiQPAqY,28/06/2020,-41,-22,-33,-52,-15,9
DO,Dominican Republic,,,,,NA,ChIJ9bbx3jiIr44R4PcNBiQPAqY,29/06/2020,-31,-17,-28,-49,-33,14
DO,Dominican Republic,,,,,NA,ChIJ9bbx3jiIr44R4PcNBiQPAqY,30/06/2020,-27,-10,-25,-44,-33,13
DO,Dominican Republic,,,,,NA,ChIJ9bbx3jiIr44R4PcNBiQPAqY,01/07/2020,-29,-12,-24,-44,-34,14
DO,Dominican Republic,,,,,NA,ChIJ9bbx3jiIr44R4PcNBiQPAqY,02/07/2020,-29,-13,-26,-43,-35,15
DO,Dominican Republic,,,,,NA,ChIJ9bbx3jiIr44R4PcNBiQPAqY,03/07/2020,-30,-12,-24,-42,-35,14
DO,Dominican Republic,,,,,NA,ChIJ9bbx3jiIr44R4PcNBiQPAqY,04/07/2020,-27,-8,-19,-37,-18,9
DO,Dominican Republic,,,,,NA,ChIJ9bbx3jiIr44R4PcNBiQPAqY,05/07/2020,-38,-22,-22,-42,-20,6
DO,Dominican Republic,,,,,NA,ChIJ9bbx3jiIr44R4PcNBiQPAqY,06/07/2020,-29,-13,-21,-47,-36,14
DO,Dominican Republic,,,,,NA,ChIJ9bbx3jiIr44R4PcNBiQPAqY,07/07/2020,-29,-14,-27,-42,-35,14
DO,Dominican Republic,,,,,NA,ChIJ9bbx3jiIr44R4PcNBiQPAqY,08/07/2020,-32,-18,-29,-45,-35,15
DO,Dominican Republic,,,,,NA,ChIJ9bbx3jiIr44R4PcNBiQPAqY,09/07/2020,-30,-18,-27,-44,-35,15
DO,Dominican Republic,,,,,NA,ChIJ9bbx3jiIr44R4PcNBiQPAqY,10/07/2020,-33,-18,-29,-44,-35,15
DO,Dominican Republic,,,,,NA,ChIJ9bbx3jiIr44R4PcNBiQPAqY,11/07/2020,-33,-18,-27,-43,-20,11
DO,Dominican Republic,,,,,NA,ChIJ9bbx3jiIr44R4PcNBiQPAqY,12/07/2020,-40,-24,-29,-48,-19,10
DO,Dominican Republic,,,,,NA,ChIJ9bbx3jiIr44R4PcNBiQPAqY,13/07/2020,-30,-18,-28,-44,-35,14
DO,Dominican Republic,,,,,NA,ChIJ9bbx3jiIr44R4PcNBiQPAqY,14/07/2020,-30,-18,-28,-43,-36,14
DO,Dominican Republic,,,,,NA,ChIJ9bbx3jiIr44R4PcNBiQPAqY,15/07/2020,-31,-15,-29,-44,-36,15
DO,Dominican Republic,,,,,NA,ChIJ9bbx3jiIr44R4PcNBiQPAqY,16/07/2020,-29,-13,-28,-44,-36,15
DO,Dominican Republic,,,,,NA,ChIJ9bbx3jiIr44R4PcNBiQPAqY,17/07/2020,-32,-14,-29,-43,-36,15
DO,Dominican Republic,,,,,NA,ChIJ9bbx3jiIr44R4PcNBiQPAqY,18/07/2020,-33,-15,-30,-42,-21,12
DO,Dominican Republic,,,,,NA,ChIJ9bbx3jiIr44R4PcNBiQPAqY,19/07/2020,-42,-24,-36,-49,-21,11
DO,Dominican Republic,,,,,NA,ChIJ9bbx3jiIr44R4PcNBiQPAqY,20/07/2020,-31,-17,-31,-46,-35,16
DO,Dominican Republic,,,,,NA,ChIJ9bbx3jiIr44R4PcNBiQPAqY,21/07/2020,-37,-26,-38,-47,-39,17
DO,Dominican Republic,,,,,NA,ChIJ9bbx3jiIr44R4PcNBiQPAqY,22/07/2020,-39,-26,-38,-48,-38,18
DO,Dominican Republic,,,,,NA,ChIJ9bbx3jiIr44R4PcNBiQPAqY,23/07/2020,-37,-24,-36,-48,-39,19
DO,Dominican Republic,,,,,NA,ChIJ9bbx3jiIr44R4PcNBiQPAqY,24/07/2020,-37,-20,-35,-47,-38,18
DO,Dominican Republic,,,,,NA,ChIJ9bbx3jiIr44R4PcNBiQPAqY,25/07/2020,-39,-20,-39,-48,-27,16
DO,Dominican Republic,,,,,NA,ChIJ9bbx3jiIr44R4PcNBiQPAqY,26/07/2020,-44,-20,-41,-52,-22,12
DO,Dominican Republic,,,,,NA,ChIJ9bbx3jiIr44R4PcNBiQPAqY,27/07/2020,-33,-17,-31,-46,-38,16
DO,Dominican Republic,,,,,NA,ChIJ9bbx3jiIr44R4PcNBiQPAqY,28/07/2020,-33,-17,-32,-44,-38,16
DO,Dominican Republic,,,,,NA,ChIJ9bbx3jiIr44R4PcNBiQPAqY,29/07/2020,-34,-14,-30,-46,-39,16
DO,Dominican Republic,,,,,NA,ChIJ9bbx3jiIr44R4PcNBiQPAqY,30/07/2020,-51,-30,-52,-63,-52,23
DO,Dominican Republic,,,,,NA,ChIJ9bbx3jiIr44R4PcNBiQPAqY,31/07/2020,-44,-27,-45,-57,-44,19
DO,Dominican Republic,,,,,NA,ChIJ9bbx3jiIr44R4PcNBiQPAqY,01/08/2020,-42,-26,-42,-51,-29,15
DO,Dominican Republic,,,,,NA,ChIJ9bbx3jiIr44R4PcNBiQPAqY,02/08/2020,-46,-26,-42,-53,-26,13
DO,Dominican Republic,,,,,NA,ChIJ9bbx3jiIr44R4PcNBiQPAqY,03/08/2020,-29,-17,-28,-42,-37,15
DO,Dominican Republic,,,,,NA,ChIJ9bbx3jiIr44R4PcNBiQPAqY,04/08/2020,-31,-18,-30,-42,-38,15
DO,Dominican Republic,,,,,NA,ChIJ9bbx3jiIr44R4PcNBiQPAqY,05/08/2020,-33,-20,-29,-45,-38,16
DO,Dominican Republic,,,,,NA,ChIJ9bbx3jiIr44R4PcNBiQPAqY,06/08/2020,-34,-22,-29,-47,-38,16
DO,Dominican Republic,,,,,NA,ChIJ9bbx3jiIr44R4PcNBiQPAqY,07/08/2020,-36,-22,-30,-46,-38,16
DO,Dominican Republic,,,,,NA,ChIJ9bbx3jiIr44R4PcNBiQPAqY,08/08/2020,-41,-26,-37,-51,-28,14
DO,Dominican Republic,,,,,NA,ChIJ9bbx3jiIr44R4PcNBiQPAqY,09/08/2020,-46,-27,-36,-54,-26,11
DO,Dominican Republic,,,,,NA,ChIJ9bbx3jiIr44R4PcNBiQPAqY,10/08/2020,-32,-21,-28,-45,-37,14
DO,Dominican Republic,,,,,NA,ChIJ9bbx3jiIr44R4PcNBiQPAqY,11/08/2020,-33,-21,-29,-45,-38,15
DO,Dominican Republic,,,,,NA,ChIJ9bbx3jiIr44R4PcNBiQPAqY,12/08/2020,-34,-22,-29,-47,-38,15
DO,Dominican Republic,,,,,NA,ChIJ9bbx3jiIr44R4PcNBiQPAqY,13/08/2020,-34,-23,-30,-48,-38,16
DO,Dominican Republic,,,,,NA,ChIJ9bbx3jiIr44R4PcNBiQPAqY,14/08/2020,-36,-21,-31,-46,-38,16
DO,Dominican Republic,,,,,NA,ChIJ9bbx3jiIr44R4PcNBiQPAqY,15/08/2020,-38,-21,-37,-47,-27,14
DO,Dominican Republic,,,,,NA,ChIJ9bbx3jiIr44R4PcNBiQPAqY,16/08/2020,-43,-22,-35,-51,-25,11
DO,Dominican Republic,,,,,NA,ChIJ9bbx3jiIr44R4PcNBiQPAqY,17/08/2020,-29,-15,-27,-41,-35,14
DO,Dominican Republic,,,,,NA,ChIJ9bbx3jiIr44R4PcNBiQPAqY,18/08/2020,-31,-16,-27,-41,-34,14
DO,Dominican Republic,,,,,NA,ChIJ9bbx3jiIr44R4PcNBiQPAqY,19/08/2020,-33,-18,-27,-44,-36,14
DO,Dominican Republic,,,,,NA,ChIJ9bbx3jiIr44R4PcNBiQPAqY,20/08/2020,-33,-19,-29,-45,-36,15
DO,Dominican Republic,,,,,NA,ChIJ9bbx3jiIr44R4PcNBiQPAqY,21/08/2020,-35,-17,-31,-42,-36,15
DO,Dominican Republic,,,,,NA,ChIJ9bbx3jiIr44R4PcNBiQPAqY,22/08/2020,-41,-22,-42,-49,-28,14
DO,Dominican Republic,,,,,NA,ChIJ9bbx3jiIr44R4PcNBiQPAqY,23/08/2020,-63,-45,-62,-68,-43,14
DO,Dominican Republic,,,,,NA,ChIJ9bbx3jiIr44R4PcNBiQPAqY,24/08/2020,-33,-19,-34,-45,-35,13
DO,Dominican Republic,,,,,NA,ChIJ9bbx3jiIr44R4PcNBiQPAqY,25/08/2020,-31,-17,-29,-41,-35,13
DO,Dominican Republic,,,,,NA,ChIJ9bbx3jiIr44R4PcNBiQPAqY,26/08/2020,-33,-19,-28,-44,-35,14
DO,Dominican Republic,,,,,NA,ChIJ9bbx3jiIr44R4PcNBiQPAqY,27/08/2020,-32,-19,-28,-43,-35,14
DO,Dominican Republic,,,,,NA,ChIJ9bbx3jiIr44R4PcNBiQPAqY,28/08/2020,-33,-17,-28,-41,-35,13
DO,Dominican Republic,,,,,NA,ChIJ9bbx3jiIr44R4PcNBiQPAqY,29/08/2020,-37,-20,-33,-45,-26,11
DO,Dominican Republic,,,,,NA,ChIJ9bbx3jiIr44R4PcNBiQPAqY,30/08/2020,-40,-19,-31,-46,-24,9
DO,Dominican Republic,,,,,NA,ChIJ9bbx3jiIr44R4PcNBiQPAqY,31/08/2020,-29,-16,-28,-38,-34,12
DO,Dominican Republic,,,,,NA,ChIJ9bbx3jiIr44R4PcNBiQPAqY,01/09/2020,-30,-15,-29,-38,-35,12
DO,Dominican Republic,,,,,NA,ChIJ9bbx3jiIr44R4PcNBiQPAqY,02/09/2020,-31,-18,-29,-40,-35,13
DO,Dominican Republic,,,,,NA,ChIJ9bbx3jiIr44R4PcNBiQPAqY,03/09/2020,-32,-20,-31,-41,-36,15
DO,Dominican Republic,,,,,NA,ChIJ9bbx3jiIr44R4PcNBiQPAqY,04/09/2020,-34,-17,-33,-40,-36,15
DO,Dominican Republic,,,,,NA,ChIJ9bbx3jiIr44R4PcNBiQPAqY,05/09/2020,-37,-19,-34,-46,-27,12
DO,Dominican Republic,,,,,NA,ChIJ9bbx3jiIr44R4PcNBiQPAqY,06/09/2020,-41,-20,-33,-52,-25,10
DO,Dominican Republic,,,,,NA,ChIJ9bbx3jiIr44R4PcNBiQPAqY,07/09/2020,-27,-11,-26,-39,-34,12
DO,Dominican Republic,,,,,NA,ChIJ9bbx3jiIr44R4PcNBiQPAqY,08/09/2020,-28,-12,-26,-37,-35,12
DO,Dominican Republic,,,,,NA,ChIJ9bbx3jiIr44R4PcNBiQPAqY,09/09/2020,-32,-17,-27,-43,-34,13
DO,Dominican Republic,,,,,NA,ChIJ9bbx3jiIr44R4PcNBiQPAqY,10/09/2020,-30,-18,-25,-40,-35,14
DO,Dominican Republic,,,,,NA,ChIJ9bbx3jiIr44R4PcNBiQPAqY,11/09/2020,-32,-17,-27,-40,-34,13
DO,Dominican Republic,,,,,NA,ChIJ9bbx3jiIr44R4PcNBiQPAqY,12/09/2020,-36,-21,-31,-47,-26,12
DO,Dominican Republic,,,,,NA,ChIJ9bbx3jiIr44R4PcNBiQPAqY,13/09/2020,-41,-21,-29,-51,-25,9
DO,Dominican Republic,,,,,NA,ChIJ9bbx3jiIr44R4PcNBiQPAqY,14/09/2020,-29,-17,-27,-40,-30,12
DO,Dominican Republic,,,,,NA,ChIJ9bbx3jiIr44R4PcNBiQPAqY,15/09/2020,-29,-14,-27,-37,-31,13
DO,Dominican Republic,,,,,NA,ChIJ9bbx3jiIr44R4PcNBiQPAqY,16/09/2020,-30,-14,-24,-41,-32,13
DO,Dominican Republic,,,,,NA,ChIJ9bbx3jiIr44R4PcNBiQPAqY,17/09/2020,-30,-17,-27,-41,-33,14
DO,Dominican Republic,,,,,NA,ChIJ9bbx3jiIr44R4PcNBiQPAqY,18/09/2020,-31,-13,-27,-37,-32,13
DO,Dominican Republic,,,,,NA,ChIJ9bbx3jiIr44R4PcNBiQPAqY,19/09/2020,-36,-18,-32,-44,-25,12
DO,Dominican Republic,,,,,NA,ChIJ9bbx3jiIr44R4PcNBiQPAqY,20/09/2020,-40,-19,-29,-47,-24,9
DO,Dominican Republic,,,,,NA,ChIJ9bbx3jiIr44R4PcNBiQPAqY,21/09/2020,-29,-12,-26,-38,-32,12
DO,Dominican Republic,,,,,NA,ChIJ9bbx3jiIr44R4PcNBiQPAqY,22/09/2020,-33,-14,-30,-35,-33,12
DO,Dominican Republic,,,,,NA,ChIJ9bbx3jiIr44R4PcNBiQPAqY,23/09/2020,-35,-14,-31,-36,-33,13
DO,Dominican Republic,,,,,NA,ChIJ9bbx3jiIr44R4PcNBiQPAqY,24/09/2020,-47,-26,-22,-55,-65,22
DO,Dominican Republic,,,,,NA,ChIJ9bbx3jiIr44R4PcNBiQPAqY,25/09/2020,-37,-16,-32,-36,-35,14
DO,Dominican Republic,,,,,NA,ChIJ9bbx3jiIr44R4PcNBiQPAqY,26/09/2020,-42,-22,-35,-42,-26,13
DO,Dominican Republic,,,,,NA,ChIJ9bbx3jiIr44R4PcNBiQPAqY,27/09/2020,-46,-23,-32,-45,-25,10
DO,Dominican Republic,,,,,NA,ChIJ9bbx3jiIr44R4PcNBiQPAqY,28/09/2020,-33,-13,-32,-35,-30,12
DO,Dominican Republic,,,,,NA,ChIJ9bbx3jiIr44R4PcNBiQPAqY,29/09/2020,-33,-13,-32,-34,-31,12
DO,Dominican Republic,,,,,NA,ChIJ9bbx3jiIr44R4PcNBiQPAqY,30/09/2020,-34,-12,-32,-38,-32,11
DO,Dominican Republic,,,,,NA,ChIJ9bbx3jiIr44R4PcNBiQPAqY,01/10/2020,-33,-11,-33,-36,-31,10
DO,Dominican Republic,,,,,NA,ChIJ9bbx3jiIr44R4PcNBiQPAqY,02/10/2020,-33,-10,-30,-31,-30,10
DO,Dominican Republic,,,,,NA,ChIJ9bbx3jiIr44R4PcNBiQPAqY,03/10/2020,-37,-15,-35,-38,-25,9
DO,Dominican Republic,,,,,NA,ChIJ9bbx3jiIr44R4PcNBiQPAqY,04/10/2020,-42,-17,-32,-41,-26,7
DO,Dominican Republic,,,,,NA,ChIJ9bbx3jiIr44R4PcNBiQPAqY,05/10/2020,-31,-11,-32,-31,-30,9
DO,Dominican Republic,,,,,NA,ChIJ9bbx3jiIr44R4PcNBiQPAqY,06/10/2020,-31,-12,-30,-32,-30,9
DO,Dominican Republic,,,,,NA,ChIJ9bbx3jiIr44R4PcNBiQPAqY,07/10/2020,-32,-9,-28,-36,-30,10
DO,Dominican Republic,,,,,NA,ChIJ9bbx3jiIr44R4PcNBiQPAqY,08/10/2020,-32,-12,-30,-35,-30,12
DO,Dominican Republic,,,,,NA,ChIJ9bbx3jiIr44R4PcNBiQPAqY,09/10/2020,-33,-11,-29,-34,-29,11
DO,Dominican Republic,,,,,NA,ChIJ9bbx3jiIr44R4PcNBiQPAqY,10/10/2020,-37,-16,-33,-39,-21,10
DO,Dominican Republic,,,,,NA,ChIJ9bbx3jiIr44R4PcNBiQPAqY,11/10/2020,-43,-20,-33,-41,-23,9
DO,Dominican Republic,,,,,NA,ChIJ9bbx3jiIr44R4PcNBiQPAqY,12/10/2020,-32,-11,-31,-33,-28,11
DO,Dominican Republic,,,,,NA,ChIJ9bbx3jiIr44R4PcNBiQPAqY,13/10/2020,-31,-11,-30,-32,-29,11
DO,Dominican Republic,,,,,NA,ChIJ9bbx3jiIr44R4PcNBiQPAqY,14/10/2020,-33,-12,-31,-35,-29,12
DO,Dominican Republic,,,,,NA,ChIJ9bbx3jiIr44R4PcNBiQPAqY,15/10/2020,-32,-8,-33,-34,-29,13
DO,Dominican Republic,,,,,NA,ChIJ9bbx3jiIr44R4PcNBiQPAqY,16/10/2020,-31,-3,-33,-30,-29,12
DO,Dominican Republic,,,,,NA,ChIJ9bbx3jiIr44R4PcNBiQPAqY,17/10/2020,-35,-7,-34,-36,-22,10
DO,Dominican Republic,,,,,NA,ChIJ9bbx3jiIr44R4PcNBiQPAqY,18/10/2020,-39,-9,-27,-38,-21,8
DO,Dominican Republic,,,,,NA,ChIJ9bbx3jiIr44R4PcNBiQPAqY,19/10/2020,-30,-4,-31,-32,-27,11
DO,Dominican Republic,,,,,NA,ChIJ9bbx3jiIr44R4PcNBiQPAqY,20/10/2020,-31,-5,-30,-32,-28,11
DO,Dominican Republic,,,,,NA,ChIJ9bbx3jiIr44R4PcNBiQPAqY,21/10/2020,-32,-5,-26,-34,-28,11
DO,Dominican Republic,,,,,NA,ChIJ9bbx3jiIr44R4PcNBiQPAqY,22/10/2020,-32,-8,-27,-34,-28,11
DO,Dominican Republic,,,,,NA,ChIJ9bbx3jiIr44R4PcNBiQPAqY,23/10/2020,-31,-5,-24,-30,-27,11
DO,Dominican Republic,,,,,NA,ChIJ9bbx3jiIr44R4PcNBiQPAqY,24/10/2020,-36,-8,-26,-36,-20,9
DO,Dominican Republic,,,,,NA,ChIJ9bbx3jiIr44R4PcNBiQPAqY,25/10/2020,-39,-8,-20,-38,-20,7
DO,Dominican Republic,,,,,NA,ChIJ9bbx3jiIr44R4PcNBiQPAqY,26/10/2020,-30,-3,-27,-30,-26,10
DO,Dominican Republic,,,,,NA,ChIJ9bbx3jiIr44R4PcNBiQPAqY,27/10/2020,-31,-6,-31,-28,-28,10
DO,Dominican Republic,,,,,NA,ChIJ9bbx3jiIr44R4PcNBiQPAqY,28/10/2020,-31,-3,-31,-32,-27,10
DO,Dominican Republic,,,,,NA,ChIJ9bbx3jiIr44R4PcNBiQPAqY,29/10/2020,-30,-7,-35,-30,-28,11
DO,Dominican Republic,,,,,NA,ChIJ9bbx3jiIr44R4PcNBiQPAqY,30/10/2020,-31,-4,-35,-28,-28,10
DO,Dominican Republic,,,,,NA,ChIJ9bbx3jiIr44R4PcNBiQPAqY,31/10/2020,-34,-7,-36,-30,-21,9
DO,Dominican Republic,,,,,NA,ChIJ9bbx3jiIr44R4PcNBiQPAqY,01/11/2020,-37,-7,-29,-30,-21,7
DO,Dominican Republic,,,,,NA,ChIJ9bbx3jiIr44R4PcNBiQPAqY,02/11/2020,-29,-5,-34,-22,-27,9
DO,Dominican Republic,,,,,NA,ChIJ9bbx3jiIr44R4PcNBiQPAqY,03/11/2020,-33,-12,-42,-25,-30,11
DO,Dominican Republic,,,,,NA,ChIJ9bbx3jiIr44R4PcNBiQPAqY,04/11/2020,-31,-7,-33,-26,-27,10
DO,Dominican Republic,,,,,NA,ChIJ9bbx3jiIr44R4PcNBiQPAqY,05/11/2020,-30,-10,-32,-28,-27,11
DO,Dominican Republic,,,,,NA,ChIJ9bbx3jiIr44R4PcNBiQPAqY,06/11/2020,-31,-8,-32,-28,-27,10
DO,Dominican Republic,,,,,NA,ChIJ9bbx3jiIr44R4PcNBiQPAqY,07/11/2020,-36,-12,-36,-29,-22,9
DO,Dominican Republic,,,,,NA,ChIJ9bbx3jiIr44R4PcNBiQPAqY,08/11/2020,-47,-23,-40,-39,-28,10
DO,Dominican Republic,,,,,NA,ChIJ9bbx3jiIr44R4PcNBiQPAqY,09/11/2020,-51,-31,-40,-54,-68,21
DO,Dominican Republic,,,,,NA,ChIJ9bbx3jiIr44R4PcNBiQPAqY,10/11/2020,-30,-7,-36,-22,-27,9
DO,Dominican Republic,,,,,NA,ChIJ9bbx3jiIr44R4PcNBiQPAqY,11/11/2020,-36,-13,-41,-30,-28,12
DO,Dominican Republic,,,,,NA,ChIJ9bbx3jiIr44R4PcNBiQPAqY,12/11/2020,-33,-13,-39,-30,-28,12
DO,Dominican Republic,,,,,NA,ChIJ9bbx3jiIr44R4PcNBiQPAqY,13/11/2020,-30,-4,-33,-27,-26,10
DO,Dominican Republic,,,,,NA,ChIJ9bbx3jiIr44R4PcNBiQPAqY,14/11/2020,-33,-7,-36,-30,-20,9
DO,Dominican Republic,,,,,NA,ChIJ9bbx3jiIr44R4PcNBiQPAqY,15/11/2020,-37,-8,-35,-30,-20,8
DO,Dominican Republic,,,,,NA,ChIJ9bbx3jiIr44R4PcNBiQPAqY,16/11/2020,-27,-2,-31,-23,-25,9
DO,Dominican Republic,,,,,NA,ChIJ9bbx3jiIr44R4PcNBiQPAqY,17/11/2020,-28,-4,-30,-24,-26,9
DO,Dominican Republic,,,,,NA,ChIJ9bbx3jiIr44R4PcNBiQPAqY,18/11/2020,-31,-8,-34,-27,-26,11
DO,Dominican Republic,,,,,NA,ChIJ9bbx3jiIr44R4PcNBiQPAqY,19/11/2020,-33,-13,-39,-28,-27,12
DO,Dominican Republic,,,,,NA,ChIJ9bbx3jiIr44R4PcNBiQPAqY,20/11/2020,-30,-5,-32,-25,-26,10
DO,Dominican Republic,,,,,NA,ChIJ9bbx3jiIr44R4PcNBiQPAqY,21/11/2020,-33,-10,-36,-28,-20,9
DO,Dominican Republic,,,,,NA,ChIJ9bbx3jiIr44R4PcNBiQPAqY,22/11/2020,-38,-12,-34,-31,-21,7
DO,Dominican Republic,,,,,NA,ChIJ9bbx3jiIr44R4PcNBiQPAqY,23/11/2020,-30,-7,-35,-26,-25,10
DO,Dominican Republic,,,,,NA,ChIJ9bbx3jiIr44R4PcNBiQPAqY,24/11/2020,-29,-7,-34,-25,-26,10
DO,Dominican Republic,,,,,NA,ChIJ9bbx3jiIr44R4PcNBiQPAqY,25/11/2020,-30,-7,-32,-26,-25,10
DO,Dominican Republic,,,,,NA,ChIJ9bbx3jiIr44R4PcNBiQPAqY,26/11/2020,-26,-4,-31,-27,-26,10
DO,Dominican Republic,,,,,NA,ChIJ9bbx3jiIr44R4PcNBiQPAqY,27/11/2020,-26,-2,-31,-24,-25,9
DO,Dominican Republic,,,,,NA,ChIJ9bbx3jiIr44R4PcNBiQPAqY,28/11/2020,-32,-8,-36,-27,-19,9
DO,Dominican Republic,,,,,NA,ChIJ9bbx3jiIr44R4PcNBiQPAqY,29/11/2020,-34,-7,-30,-26,-18,7
DO,Dominican Republic,,,,,NA,ChIJ9bbx3jiIr44R4PcNBiQPAqY,30/11/2020,-25,1,-31,-20,-23,9
DO,Dominican Republic,,,,,NA,ChIJ9bbx3jiIr44R4PcNBiQPAqY,01/12/2020,-25,4,-31,-20,-24,9
DO,Dominican Republic,,,,,NA,ChIJ9bbx3jiIr44R4PcNBiQPAqY,02/12/2020,-26,3,-30,-23,-24,10
DO,Dominican Republic,,,,,NA,ChIJ9bbx3jiIr44R4PcNBiQPAqY,03/12/2020,-26,0,-31,-22,-24,10
DO,Dominican Republic,,,,,NA,ChIJ9bbx3jiIr44R4PcNBiQPAqY,04/12/2020,-26,2,-30,-20,-23,9
DO,Dominican Republic,,,,,NA,ChIJ9bbx3jiIr44R4PcNBiQPAqY,05/12/2020,-29,-4,-32,-23,-17,8
DO,Dominican Republic,,,,,NA,ChIJ9bbx3jiIr44R4PcNBiQPAqY,06/12/2020,-33,-4,-28,-24,-17,6
DO,Dominican Republic,,,,,NA,ChIJ9bbx3jiIr44R4PcNBiQPAqY,07/12/2020,-25,1,-29,-18,-23,9
DO,Dominican Republic,,,,,NA,ChIJ9bbx3jiIr44R4PcNBiQPAqY,08/12/2020,-25,1,-28,-17,-22,9
DO,Dominican Republic,,,,,NA,ChIJ9bbx3jiIr44R4PcNBiQPAqY,09/12/2020,-28,-3,-27,-23,-23,10
DO,Dominican Republic,,,,,NA,ChIJ9bbx3jiIr44R4PcNBiQPAqY,10/12/2020,-29,-4,-31,-20,-25,12
DO,Dominican Republic,,,,,NA,ChIJ9bbx3jiIr44R4PcNBiQPAqY,11/12/2020,-27,0,-27,-18,-23,10
DO,Dominican Republic,,,,,NA,ChIJ9bbx3jiIr44R4PcNBiQPAqY,12/12/2020,-31,-4,-28,-18,-17,9
DO,Dominican Republic,,,,,NA,ChIJ9bbx3jiIr44R4PcNBiQPAqY,13/12/2020,-34,-3,-23,-17,-16,7
DO,Dominican Republic,,,,,NA,ChIJ9bbx3jiIr44R4PcNBiQPAqY,14/12/2020,-24,3,-25,-13,-22,9
DO,Dominican Republic,,,,,NA,ChIJ9bbx3jiIr44R4PcNBiQPAqY,15/12/2020,-22,7,-23,-11,-23,9
DO,Dominican Republic,,,,,NA,ChIJ9bbx3jiIr44R4PcNBiQPAqY,16/12/2020,-24,6,-24,-13,-24,10
DO,Dominican Republic,,,,,NA,ChIJ9bbx3jiIr44R4PcNBiQPAqY,17/12/2020,-22,9,-21,-11,-24,10
DO,Dominican Republic,,,,,NA,ChIJ9bbx3jiIr44R4PcNBiQPAqY,18/12/2020,-24,9,-21,-7,-24,10
DO,Dominican Republic,,,,,NA,ChIJ9bbx3jiIr44R4PcNBiQPAqY,19/12/2020,-26,7,-25,-6,-16,8
DO,Dominican Republic,,,,,NA,ChIJ9bbx3jiIr44R4PcNBiQPAqY,20/12/2020,-27,10,-17,-2,-11,5
DO,Dominican Republic,,,,,NA,ChIJ9bbx3jiIr44R4PcNBiQPAqY,21/12/2020,-16,18,-15,-1,-26,8
DO,Dominican Republic,,,,,NA,ChIJ9bbx3jiIr44R4PcNBiQPAqY,22/12/2020,-14,22,-14,5,-28,7
DO,Dominican Republic,,,,,NA,ChIJ9bbx3jiIr44R4PcNBiQPAqY,23/12/2020,-13,32,-9,2,-29,7
DO,Dominican Republic,,,,,NA,ChIJ9bbx3jiIr44R4PcNBiQPAqY,24/12/2020,-21,27,-6,-16,-48,9
DO,Dominican Republic,,,,,NA,ChIJ9bbx3jiIr44R4PcNBiQPAqY,25/12/2020,-56,-39,-13,-54,-75,21
DO,Dominican Republic,,,,,NA,ChIJ9bbx3jiIr44R4PcNBiQPAqY,26/12/2020,-35,-3,-19,-24,-32,10
DO,Dominican Republic,,,,,NA,ChIJ9bbx3jiIr44R4PcNBiQPAqY,27/12/2020,-35,-4,-14,-11,-16,6
DO,Dominican Republic,,,,,NA,ChIJ9bbx3jiIr44R4PcNBiQPAqY,28/12/2020,-21,9,-17,-13,-31,11
DO,Dominican Republic,,,,,NA,ChIJ9bbx3jiIr44R4PcNBiQPAqY,29/12/2020,-21,11,-17,-11,-32,10
DO,Dominican Republic,,,,,NA,ChIJ9bbx3jiIr44R4PcNBiQPAqY,30/12/2020,-18,21,-10,-10,-32,10
DO,Dominican Republic,,,,,NA,ChIJ9bbx3jiIr44R4PcNBiQPAqY,31/12/2020,-26,21,-7,-21,-48,12
DO,Dominican Republic,,,,,NA,ChIJ9bbx3jiIr44R4PcNBiQPAqY,01/01/2021,-64,-50,-24,-59,-78,24
DO,Dominican Republic,,,,,NA,ChIJ9bbx3jiIr44R4PcNBiQPAqY,02/01/2021,-69,-42,-53,-57,-57,23
DO,Dominican Republic,,,,,NA,ChIJ9bbx3jiIr44R4PcNBiQPAqY,03/01/2021,-66,-33,-51,-46,-43,18
DO,Dominican Republic,,,,,NA,ChIJ9bbx3jiIr44R4PcNBiQPAqY,04/01/2021,-40,-5,-20,-34,-63,19
DO,Dominican Republic,,,,,NA,ChIJ9bbx3jiIr44R4PcNBiQPAqY,05/01/2021,-30,0,-25,-15,-31,12
DO,Dominican Republic,,,,,NA,ChIJ9bbx3jiIr44R4PcNBiQPAqY,06/01/2021,-32,-2,-26,-22,-31,14
DO,Dominican Republic,,,,,NA,ChIJ9bbx3jiIr44R4PcNBiQPAqY,07/01/2021,-32,-5,-27,-21,-29,14
DO,Dominican Republic,,,,,NA,ChIJ9bbx3jiIr44R4PcNBiQPAqY,08/01/2021,-34,-4,-29,-17,-30,13
DO,Dominican Republic,,,,,NA,ChIJ9bbx3jiIr44R4PcNBiQPAqY,09/01/2021,-61,-34,-57,-49,-45,20
DO,Dominican Republic,,,,,NA,ChIJ9bbx3jiIr44R4PcNBiQPAqY,10/01/2021,-63,-33,-57,-46,-38,17
DO,Dominican Republic,,,,,NA,ChIJ9bbx3jiIr44R4PcNBiQPAqY,11/01/2021,-28,-5,-29,-14,-26,10
DO,Dominican Republic,,,,,NA,ChIJ9bbx3jiIr44R4PcNBiQPAqY,12/01/2021,-31,-10,-31,-19,-28,10
DO,Dominican Republic,,,,,NA,ChIJ9bbx3jiIr44R4PcNBiQPAqY,13/01/2021,-36,-15,-35,-27,-32,9
DO,Dominican Republic,,,,,NA,ChIJ9bbx3jiIr44R4PcNBiQPAqY,14/01/2021,-37,-19,-40,-30,-36,9
DO,Dominican Republic,,,,,NA,ChIJ9bbx3jiIr44R4PcNBiQPAqY,15/01/2021,-39,-17,-40,-29,-37,8
DO,Dominican Republic,,,,,NA,ChIJ9bbx3jiIr44R4PcNBiQPAqY,16/01/2021,-58,-36,-57,-47,-43,14
DO,Dominican Republic,,,,,NA,ChIJ9bbx3jiIr44R4PcNBiQPAqY,17/01/2021,-59,-33,-56,-47,-41,11
DO,Dominican Republic,,,,,NA,ChIJ9bbx3jiIr44R4PcNBiQPAqY,18/01/2021,-35,-15,-39,-26,-35,8
DO,Dominican Republic,,,,,NA,ChIJ9bbx3jiIr44R4PcNBiQPAqY,19/01/2021,-37,-18,-40,-28,-37,9
DO,Dominican Republic,,,,,NA,ChIJ9bbx3jiIr44R4PcNBiQPAqY,20/01/2021,-37,-17,-39,-28,-36,9
DO,Dominican Republic,,,,,NA,ChIJ9bbx3jiIr44R4PcNBiQPAqY,21/01/2021,-47,-26,-33,-49,-67,18
DO,Dominican Republic,,,,,NA,ChIJ9bbx3jiIr44R4PcNBiQPAqY,22/01/2021,-38,-16,-37,-28,-37,10
DO,Dominican Republic,,,,,NA,ChIJ9bbx3jiIr44R4PcNBiQPAqY,23/01/2021,-57,-37,-54,-44,-40,14
DO,Dominican Republic,,,,,NA,ChIJ9bbx3jiIr44R4PcNBiQPAqY,24/01/2021,-59,-33,-51,-47,-38,11
DO,Dominican Republic,,,,,NA,ChIJ9bbx3jiIr44R4PcNBiQPAqY,25/01/2021,-46,-26,-28,-45,-67,15
DO,Dominican Republic,,,,,NA,ChIJ9bbx3jiIr44R4PcNBiQPAqY,26/01/2021,-37,-18,-40,-26,-33,8
DO,Dominican Republic,,,,,NA,ChIJ9bbx3jiIr44R4PcNBiQPAqY,27/01/2021,-34,-11,-36,-29,-33,9
DO,Dominican Republic,,,,,NA,ChIJ9bbx3jiIr44R4PcNBiQPAqY,28/01/2021,-33,-10,-36,-29,-33,9
DO,Dominican Republic,,,,,NA,ChIJ9bbx3jiIr44R4PcNBiQPAqY,29/01/2021,-34,-6,-37,-27,-32,7
DO,Dominican Republic,,,,,NA,ChIJ9bbx3jiIr44R4PcNBiQPAqY,30/01/2021,-39,-10,-41,-31,-28,6
DO,Dominican Republic,,,,,NA,ChIJ9bbx3jiIr44R4PcNBiQPAqY,31/01/2021,-44,-11,-39,-35,-27,5
DO,Dominican Republic,,,,,NA,ChIJ9bbx3jiIr44R4PcNBiQPAqY,01/02/2021,-31,-3,-33,-27,-30,6
DO,Dominican Republic,,,,,NA,ChIJ9bbx3jiIr44R4PcNBiQPAqY,02/02/2021,-31,-3,-33,-25,-31,6
DO,Dominican Republic,,,,,NA,ChIJ9bbx3jiIr44R4PcNBiQPAqY,03/02/2021,-34,-10,-36,-31,-32,8
DO,Dominican Republic,,,,,NA,ChIJ9bbx3jiIr44R4PcNBiQPAqY,04/02/2021,-33,-12,-36,-30,-32,9
DO,Dominican Republic,,,,,NA,ChIJ9bbx3jiIr44R4PcNBiQPAqY,05/02/2021,-34,-10,-35,-30,-31,8
DO,Dominican Republic,,,,,NA,ChIJ9bbx3jiIr44R4PcNBiQPAqY,06/02/2021,-40,-17,-37,-33,-27,7
DO,Dominican Republic,,,,,NA,ChIJ9bbx3jiIr44R4PcNBiQPAqY,07/02/2021,-44,-19,-31,-36,-28,5
DO,Dominican Republic,,,,,NA,ChIJ9bbx3jiIr44R4PcNBiQPAqY,08/02/2021,-32,-9,-36,-29,-30,7
DO,Dominican Republic,,,,,NA,ChIJ9bbx3jiIr44R4PcNBiQPAqY,09/02/2021,-31,-8,-34,-27,-31,7
DO,Dominican Republic,,,,,NA,ChIJ9bbx3jiIr44R4PcNBiQPAqY,10/02/2021,-33,-10,-34,-29,-31,8
DO,Dominican Republic,,,,,NA,ChIJ9bbx3jiIr44R4PcNBiQPAqY,11/02/2021,-33,-11,-38,-29,-31,8
DO,Dominican Republic,,,,,NA,ChIJ9bbx3jiIr44R4PcNBiQPAqY,12/02/2021,-33,-9,-41,-27,-30,5
DO,Dominican Republic,,,,,NA,ChIJ9bbx3jiIr44R4PcNBiQPAqY,13/02/2021,-36,-10,-38,-30,-27,3
DO,Dominican Republic,,,,,NA,ChIJ9bbx3jiIr44R4PcNBiQPAqY,14/02/2021,-34,-4,-26,-28,-24,1
DO,Dominican Republic,,,,,NA,ChIJ9bbx3jiIr44R4PcNBiQPAqY,15/02/2021,-31,-4,-38,-27,-30,4
DO,Dominican Republic,,,,,NA,ChIJ9bbx3jiIr44R4PcNBiQPAqY,16/02/2021,-29,-2,-36,-23,-30,4
DO,Dominican Republic,,,,,NA,ChIJ9bbx3jiIr44R4PcNBiQPAqY,17/02/2021,-32,-5,-38,-27,-30,6
DO,Dominican Republic,,,,,NA,ChIJ9bbx3jiIr44R4PcNBiQPAqY,18/02/2021,-31,-7,-37,-28,-30,6
DO,Dominican Republic,,,,,NA,ChIJ9bbx3jiIr44R4PcNBiQPAqY,19/02/2021,-31,-5,-36,-26,-29,5
DO,Dominican Republic,,,,,NA,ChIJ9bbx3jiIr44R4PcNBiQPAqY,20/02/2021,-36,-11,-36,-30,-25,4
DO,Dominican Republic,,,,,NA,ChIJ9bbx3jiIr44R4PcNBiQPAqY,21/02/2021,-42,-14,-34,-30,-26,3
DO,Dominican Republic,,,,,NA,ChIJ9bbx3jiIr44R4PcNBiQPAqY,22/02/2021,-32,-6,-41,-25,-28,5
DO,Dominican Republic,,,,,NA,ChIJ9bbx3jiIr44R4PcNBiQPAqY,23/02/2021,-30,-3,-36,-24,-28,4
DO,Dominican Republic,,,,,NA,ChIJ9bbx3jiIr44R4PcNBiQPAqY,24/02/2021,-31,-3,-36,-28,-28,6
DO,Dominican Republic,,,,,NA,ChIJ9bbx3jiIr44R4PcNBiQPAqY,25/02/2021,-29,-2,-35,-27,-29,6
DO,Dominican Republic,,,,,NA,ChIJ9bbx3jiIr44R4PcNBiQPAqY,26/02/2021,-28,3,-33,-22,-27,3
DO,Dominican Republic,,,,,NA,ChIJ9bbx3jiIr44R4PcNBiQPAqY,27/02/2021,-41,-11,-30,-33,-42,5
DO,Dominican Republic,,,,,NA,ChIJ9bbx3jiIr44R4PcNBiQPAqY,28/02/2021,-39,-8,-29,-27,-25,1
DO,Dominican Republic,,,,,NA,ChIJ9bbx3jiIr44R4PcNBiQPAqY,01/03/2021,-26,4,-35,-20,-26,3
DO,Dominican Republic,,,,,NA,ChIJ9bbx3jiIr44R4PcNBiQPAqY,02/03/2021,-27,2,-34,-19,-27,4
DO,Dominican Republic,,,,,NA,ChIJ9bbx3jiIr44R4PcNBiQPAqY,03/03/2021,-27,2,-32,-22,-28,4
DO,Dominican Republic,,,,,NA,ChIJ9bbx3jiIr44R4PcNBiQPAqY,04/03/2021,-27,-2,-33,-23,-28,5
DO,Dominican Republic,,,,,NA,ChIJ9bbx3jiIr44R4PcNBiQPAqY,05/03/2021,-27,-1,-31,-21,-26,4
DO,Dominican Republic,,,,,NA,ChIJ9bbx3jiIr44R4PcNBiQPAqY,06/03/2021,-32,-6,-32,-25,-23,2
DO,Dominican Republic,,,,,NA,ChIJ9bbx3jiIr44R4PcNBiQPAqY,07/03/2021,-35,-9,-22,-24,-23,1
DO,Dominican Republic,,,,,NA,ChIJ9bbx3jiIr44R4PcNBiQPAqY,08/03/2021,-28,-3,-38,-22,-27,4
DO,Dominican Republic,,,,,NA,ChIJ9bbx3jiIr44R4PcNBiQPAqY,09/03/2021,-34,-10,-45,-23,-29,6
DO,Dominican Republic,,,,,NA,ChIJ9bbx3jiIr44R4PcNBiQPAqY,10/03/2021,-31,-6,-41,-23,-28,6
DO,Dominican Republic,,,,,NA,ChIJ9bbx3jiIr44R4PcNBiQPAqY,11/03/2021,-30,-6,-39,-25,-28,6
DO,Dominican Republic,,,,,NA,ChIJ9bbx3jiIr44R4PcNBiQPAqY,12/03/2021,-28,-1,-34,-21,-26,4
DO,Dominican Republic,,,,,NA,ChIJ9bbx3jiIr44R4PcNBiQPAqY,13/03/2021,-32,-7,-33,-26,-21,3
DO,Dominican Republic,,,,,NA,ChIJ9bbx3jiIr44R4PcNBiQPAqY,14/03/2021,-35,-8,-23,-23,-21,1
DO,Dominican Republic,,,,,NA,ChIJ9bbx3jiIr44R4PcNBiQPAqY,15/03/2021,-24,5,-33,-18,-24,3
DO,Dominican Republic,,,,,NA,ChIJ9bbx3jiIr44R4PcNBiQPAqY,16/03/2021,-24,6,-31,-16,-25,3
DO,Dominican Republic,,,,,NA,ChIJ9bbx3jiIr44R4PcNBiQPAqY,17/03/2021,-26,2,-32,-19,-25,5
DO,Dominican Republic,,,,,NA,ChIJ9bbx3jiIr44R4PcNBiQPAqY,18/03/2021,-24,1,-29,-17,-25,5
DO,Dominican Republic,,,,,NA,ChIJ9bbx3jiIr44R4PcNBiQPAqY,19/03/2021,-24,3,-29,-16,-24,3
DO,Dominican Republic,,,,,NA,ChIJ9bbx3jiIr44R4PcNBiQPAqY,20/03/2021,-28,-2,-27,-17,-20,2
DO,Dominican Republic,,,,,NA,ChIJ9bbx3jiIr44R4PcNBiQPAqY,21/03/2021,-33,-5,-18,-16,-20,0
DO,Dominican Republic,,,,,NA,ChIJ9bbx3jiIr44R4PcNBiQPAqY,22/03/2021,-26,1,-36,-16,-24,4
DO,Dominican Republic,,,,,NA,ChIJ9bbx3jiIr44R4PcNBiQPAqY,23/03/2021,-24,3,-30,-12,-24,3
DO,Dominican Republic,,,,,NA,ChIJ9bbx3jiIr44R4PcNBiQPAqY,24/03/2021,-25,2,-29,-15,-24,4
DO,Dominican Republic,,,,,NA,ChIJ9bbx3jiIr44R4PcNBiQPAqY,25/03/2021,-23,1,-29,-14,-24,4
DO,Dominican Republic,,,,,NA,ChIJ9bbx3jiIr44R4PcNBiQPAqY,26/03/2021,-24,4,-31,-12,-24,3
DO,Dominican Republic,,,,,NA,ChIJ9bbx3jiIr44R4PcNBiQPAqY,27/03/2021,-27,1,-29,-15,-18,2
DO,Dominican Republic,,,,,NA,ChIJ9bbx3jiIr44R4PcNBiQPAqY,28/03/2021,-32,-3,-20,-12,-19,1
DO,Dominican Republic,,,,,NA,ChIJ9bbx3jiIr44R4PcNBiQPAqY,29/03/2021,-21,8,-28,-10,-26,3
DO,Dominican Republic,,,,,NA,ChIJ9bbx3jiIr44R4PcNBiQPAqY,30/03/2021,-18,14,-25,-5,-26,2
DO,Dominican Republic,,,,,NA,ChIJ9bbx3jiIr44R4PcNBiQPAqY,31/03/2021,-16,22,-20,-4,-29,2
DO,Dominican Republic,,,,,NA,ChIJ9bbx3jiIr44R4PcNBiQPAqY,01/04/2021,-21,21,-10,-11,-49,4
DO,Dominican Republic,,,,,NA,ChIJ9bbx3jiIr44R4PcNBiQPAqY,02/04/2021,-64,-45,-23,-54,-78,18
DO,Dominican Republic,,,,,NA,ChIJ9bbx3jiIr44R4PcNBiQPAqY,03/04/2021,-48,-21,-18,-40,-53,7
DO,Dominican Republic,,,,,NA,ChIJ9bbx3jiIr44R4PcNBiQPAqY,04/04/2021,-47,-21,-34,-18,-30,1
DO,Dominican Republic,,,,,NA,ChIJ9bbx3jiIr44R4PcNBiQPAqY,05/04/2021,-24,6,-35,-10,-25,3
DO,Dominican Republic,,,,,NA,ChIJ9bbx3jiIr44R4PcNBiQPAqY,06/04/2021,-26,3,-38,-11,-25,4
DO,Dominican Republic,,,,,NA,ChIJ9bbx3jiIr44R4PcNBiQPAqY,07/04/2021,-25,4,-34,-14,-25,4
DO,Dominican Republic,,,,,NA,ChIJ9bbx3jiIr44R4PcNBiQPAqY,08/04/2021,-25,0,-36,-16,-25,6
DO,Dominican Republic,,,,,NA,ChIJ9bbx3jiIr44R4PcNBiQPAqY,09/04/2021,-23,4,-30,-19,-23,4
DO,Dominican Republic,,,,,NA,ChIJ9bbx3jiIr44R4PcNBiQPAqY,10/04/2021,-27,-1,-28,-25,-19,3
DO,Dominican Republic,,,,,NA,ChIJ9bbx3jiIr44R4PcNBiQPAqY,11/04/2021,-31,-4,-21,-26,-19,2
DO,Dominican Republic,,,,,NA,ChIJ9bbx3jiIr44R4PcNBiQPAqY,12/04/2021,-22,4,-30,-19,-22,3
DO,Dominican Republic,,,,,NA,ChIJ9bbx3jiIr44R4PcNBiQPAqY,13/04/2021,-22,4,-29,-17,-24,3
DO,Dominican Republic,,,,,NA,ChIJ9bbx3jiIr44R4PcNBiQPAqY,14/04/2021,-23,4,-29,-19,-24,4
DO,Dominican Republic,,,,,NA,ChIJ9bbx3jiIr44R4PcNBiQPAqY,15/04/2021,-19,7,-28,-17,-23,4
DO,Dominican Republic,,,,,NA,ChIJ9bbx3jiIr44R4PcNBiQPAqY,16/04/2021,-19,11,-27,-15,-22,3
DO,Dominican Republic,,,,,NA,ChIJ9bbx3jiIr44R4PcNBiQPAqY,17/04/2021,-24,4,-25,-19,-18,2
DO,Dominican Republic,,,,,NA,ChIJ9bbx3jiIr44R4PcNBiQPAqY,18/04/2021,-27,1,-17,-16,-19,0
DO,Dominican Republic,,,,,NA,ChIJ9bbx3jiIr44R4PcNBiQPAqY,19/04/2021,-19,9,-29,-15,-21,3
DO,Dominican Republic,,,,,NA,ChIJ9bbx3jiIr44R4PcNBiQPAqY,20/04/2021,-19,9,-28,-13,-21,3
DO,Dominican Republic,,,,,NA,ChIJ9bbx3jiIr44R4PcNBiQPAqY,21/04/2021,-20,7,-27,-17,-23,3
DO,Dominican Republic,,,,,NA,ChIJ9bbx3jiIr44R4PcNBiQPAqY,22/04/2021,-20,4,-28,-17,-22,4
DO,Dominican Republic,,,,,NA,ChIJ9bbx3jiIr44R4PcNBiQPAqY,23/04/2021,-19,7,-27,-11,-20,3
DO,Dominican Republic,,,,,NA,ChIJ9bbx3jiIr44R4PcNBiQPAqY,24/04/2021,-22,5,-23,-15,-16,2
DO,Dominican Republic,,,,,NA,ChIJ9bbx3jiIr44R4PcNBiQPAqY,25/04/2021,-26,1,-16,-11,-17,0
DO,Dominican Republic,,,,,NA,ChIJ9bbx3jiIr44R4PcNBiQPAqY,26/04/2021,-19,8,-30,-10,-20,3
DO,Dominican Republic,,,,,NA,ChIJ9bbx3jiIr44R4PcNBiQPAqY,27/04/2021,-20,7,-32,-9,-21,3
DO,Dominican Republic,,,,,NA,ChIJ9bbx3jiIr44R4PcNBiQPAqY,28/04/2021,-20,6,-30,-10,-22,4
DO,Dominican Republic,,,,,NA,ChIJ9bbx3jiIr44R4PcNBiQPAqY,29/04/2021,-18,7,-30,-10,-21,4
DO,Dominican Republic,,,,,NA,ChIJ9bbx3jiIr44R4PcNBiQPAqY,30/04/2021,-13,18,-24,-1,-19,2
DO,Dominican Republic,,,,,NA,ChIJ9bbx3jiIr44R4PcNBiQPAqY,01/05/2021,-25,6,-14,-11,-38,3
DO,Dominican Republic,,,,,NA,ChIJ9bbx3jiIr44R4PcNBiQPAqY,02/05/2021,-22,8,-12,-3,-19,-1
DO,Dominican Republic,,,,,NA,ChIJ9bbx3jiIr44R4PcNBiQPAqY,03/05/2021,-14,18,-27,-4,-20,2
DO,Dominican Republic,,,,,NA,ChIJ9bbx3jiIr44R4PcNBiQPAqY,04/05/2021,-16,15,-28,-3,-20,2
DO,Dominican Republic,,,,,NA,ChIJ9bbx3jiIr44R4PcNBiQPAqY,05/05/2021,-18,11,-27,-7,-22,3
DO,Dominican Republic,,,,,NA,ChIJ9bbx3jiIr44R4PcNBiQPAqY,06/05/2021,-17,8,-26,-9,-21,4
DO,Dominican Republic,,,,,NA,ChIJ9bbx3jiIr44R4PcNBiQPAqY,07/05/2021,-18,9,-26,-7,-20,3
DO,Dominican Republic,,,,,NA,ChIJ9bbx3jiIr44R4PcNBiQPAqY,08/05/2021,-21,5,-23,-12,-16,2
DO,Dominican Republic,,,,,NA,ChIJ9bbx3jiIr44R4PcNBiQPAqY,09/05/2021,-27,-1,-17,-10,-18,1
DO,Dominican Republic,,,,,NA,ChIJ9bbx3jiIr44R4PcNBiQPAqY,10/05/2021,-21,6,-33,-8,-21,4
DO,Dominican Republic,,,,,NA,ChIJ9bbx3jiIr44R4PcNBiQPAqY,11/05/2021,-19,9,-28,-6,-20,3
DO,Dominican Republic,,,,,NA,ChIJ9bbx3jiIr44R4PcNBiQPAqY,12/05/2021,-19,9,-27,-6,-21,4
DO,Dominican Republic,,,,,NA,ChIJ9bbx3jiIr44R4PcNBiQPAqY,13/05/2021,-17,7,-25,-5,-21,4
DO,Dominican Republic,,,,,NA,ChIJ9bbx3jiIr44R4PcNBiQPAqY,14/05/2021,-15,14,-24,-2,-20,3
DO,Dominican Republic,,,,,NA,ChIJ9bbx3jiIr44R4PcNBiQPAqY,15/05/2021,-16,14,-19,-3,-16,1
DO,Dominican Republic,,,,,NA,ChIJ9bbx3jiIr44R4PcNBiQPAqY,16/05/2021,-20,9,-12,0,-15,0
DO,Dominican Republic,,,,,NA,ChIJ9bbx3jiIr44R4PcNBiQPAqY,17/05/2021,-14,18,-24,-2,-19,2
DO,Dominican Republic,,,,,NA,ChIJ9bbx3jiIr44R4PcNBiQPAqY,18/05/2021,-15,14,-23,1,-19,2
DO,Dominican Republic,,,,,NA,ChIJ9bbx3jiIr44R4PcNBiQPAqY,19/05/2021,-18,10,-25,-6,-21,4
DO,Dominican Republic,,,,,NA,ChIJ9bbx3jiIr44R4PcNBiQPAqY,20/05/2021,-16,10,-23,-5,-20,4
DO,Dominican Republic,,,,,NA,ChIJ9bbx3jiIr44R4PcNBiQPAqY,21/05/2021,-15,14,-22,-1,-19,3
DO,Dominican Republic,,,,,NA,ChIJ9bbx3jiIr44R4PcNBiQPAqY,22/05/2021,-19,9,-23,-1,-15,3
DO,Dominican Republic,,,,,NA,ChIJ9bbx3jiIr44R4PcNBiQPAqY,23/05/2021,-21,8,-16,2,-13,1
DO,Dominican Republic,,,,,NA,ChIJ9bbx3jiIr44R4PcNBiQPAqY,24/05/2021,-13,16,-19,2,-18,3
DO,Dominican Republic,,,,,NA,ChIJ9bbx3jiIr44R4PcNBiQPAqY,25/05/2021,-13,15,-19,5,-19,3
DO,Dominican Republic,,,,,NA,ChIJ9bbx3jiIr44R4PcNBiQPAqY,26/05/2021,-12,16,-16,2,-20,3
DO,Dominican Republic,,,,,NA,ChIJ9bbx3jiIr44R4PcNBiQPAqY,27/05/2021,-9,18,-15,7,-20,3
DO,Dominican Republic,,,,,NA,ChIJ9bbx3jiIr44R4PcNBiQPAqY,28/05/2021,-6,27,-11,11,-17,1
DO,Dominican Republic,,,,,NA,ChIJ9bbx3jiIr44R4PcNBiQPAqY,29/05/2021,-6,32,-8,13,-13,-1
DO,Dominican Republic,,,,,NA,ChIJ9bbx3jiIr44R4PcNBiQPAqY,30/05/2021,-4,36,1,14,-11,-4
DO,Dominican Republic,,,,,NA,ChIJ9bbx3jiIr44R4PcNBiQPAqY,31/05/2021,-8,26,-13,7,-20,1
DO,Dominican Republic,,,,,NA,ChIJ9bbx3jiIr44R4PcNBiQPAqY,01/06/2021,-9,26,-12,10,-20,2
DO,Dominican Republic,,,,,NA,ChIJ9bbx3jiIr44R4PcNBiQPAqY,02/06/2021,-15,18,-19,4,-23,4
DO,Dominican Republic,,,,,NA,ChIJ9bbx3jiIr44R4PcNBiQPAqY,03/06/2021,-31,2,-14,-26,-65,16
DO,Dominican Republic,,,,,NA,ChIJ9bbx3jiIr44R4PcNBiQPAqY,04/06/2021,-17,18,-18,3,-24,5
DO,Dominican Republic,,,,,NA,ChIJ9bbx3jiIr44R4PcNBiQPAqY,05/06/2021,-28,3,-29,-9,-19,7
DO,Dominican Republic,,,,,NA,ChIJ9bbx3jiIr44R4PcNBiQPAqY,06/06/2021,-34,2,-30,-10,-20,5
DO,Dominican Republic,,,,,NA,ChIJ9bbx3jiIr44R4PcNBiQPAqY,07/06/2021,-14,17,-19,3,-21,4
DO,Dominican Republic,,,,,NA,ChIJ9bbx3jiIr44R4PcNBiQPAqY,08/06/2021,-16,15,-21,4,-22,4
DO,Dominican Republic,,,,,NA,ChIJ9bbx3jiIr44R4PcNBiQPAqY,09/06/2021,-17,12,-22,-1,-23,5
DO,Dominican Republic,,,,,NA,ChIJ9bbx3jiIr44R4PcNBiQPAqY,10/06/2021,-16,11,-20,-2,-22,5
DO,Dominican Republic,,,,,NA,ChIJ9bbx3jiIr44R4PcNBiQPAqY,11/06/2021,-17,13,-20,0,-20,4
DO,Dominican Republic,,,,,NA,ChIJ9bbx3jiIr44R4PcNBiQPAqY,12/06/2021,-27,3,-27,-9,-18,5
DO,Dominican Republic,,,,,NA,ChIJ9bbx3jiIr44R4PcNBiQPAqY,13/06/2021,-30,4,-23,-9,-19,4
DO,Dominican Republic,,,,,NA,ChIJ9bbx3jiIr44R4PcNBiQPAqY,14/06/2021,-14,13,-17,2,-21,3
DO,Dominican Republic,,,,,NA,ChIJ9bbx3jiIr44R4PcNBiQPAqY,15/06/2021,-12,18,-15,7,-21,2
DO,Dominican Republic,,,,,NA,ChIJ9bbx3jiIr44R4PcNBiQPAqY,16/06/2021,-13,18,-15,3,-24,3
DO,Dominican Republic,,,,,NA,ChIJ9bbx3jiIr44R4PcNBiQPAqY,17/06/2021,-13,13,-15,0,-24,3
DO,Dominican Republic,,,,,NA,ChIJ9bbx3jiIr44R4PcNBiQPAqY,18/06/2021,-19,11,-21,-1,-25,4
DO,Dominican Republic,,,,,NA,ChIJ9bbx3jiIr44R4PcNBiQPAqY,19/06/2021,-20,11,-20,-2,-18,2
DO,Dominican Republic,,,,,NA,ChIJ9bbx3jiIr44R4PcNBiQPAqY,20/06/2021,-26,7,-17,-5,-21,1
DO,Dominican Republic,,,,,NA,ChIJ9bbx3jiIr44R4PcNBiQPAqY,21/06/2021,-16,9,-23,1,-23,3
DO,Dominican Republic,,,,,NA,ChIJ9bbx3jiIr44R4PcNBiQPAqY,22/06/2021,-16,11,-22,3,-23,3
DO,Dominican Republic,,,,,NA,ChIJ9bbx3jiIr44R4PcNBiQPAqY,23/06/2021,-15,13,-18,-1,-24,3
DO,Dominican Republic,,,,,NA,ChIJ9bbx3jiIr44R4PcNBiQPAqY,24/06/2021,-14,11,-19,-1,-23,4
DO,Dominican Republic,,,,,NA,ChIJ9bbx3jiIr44R4PcNBiQPAqY,25/06/2021,-17,12,-21,1,-22,3
DO,Dominican Republic,,,,,NA,ChIJ9bbx3jiIr44R4PcNBiQPAqY,26/06/2021,-18,13,-19,-2,-17,2
DO,Dominican Republic,,,,,NA,ChIJ9bbx3jiIr44R4PcNBiQPAqY,27/06/2021,-22,10,-14,-1,-19,1
DO,Dominican Republic,,,,,NA,ChIJ9bbx3jiIr44R4PcNBiQPAqY,28/06/2021,-13,14,-19,2,-22,0
DO,Dominican Republic,,,,,NA,ChIJ9bbx3jiIr44R4PcNBiQPAqY,29/06/2021,-15,12,-19,3,-23,1
DO,Dominican Republic,,,,,NA,ChIJ9bbx3jiIr44R4PcNBiQPAqY,30/06/2021,-10,21,-13,5,-24,2
DO,Dominican Republic,,,,,NA,ChIJ9bbx3jiIr44R4PcNBiQPAqY,01/07/2021,-11,19,-18,5,-23,3
DO,Dominican Republic,,,,,NA,ChIJ9bbx3jiIr44R4PcNBiQPAqY,02/07/2021,-11,25,-15,8,-21,2
DO,Dominican Republic,,,,,NA,ChIJ9bbx3jiIr44R4PcNBiQPAqY,03/07/2021,-24,13,-33,-8,-22,6
DO,Dominican Republic,,,,,NA,ChIJ9bbx3jiIr44R4PcNBiQPAqY,04/07/2021,-21,12,-18,0,-18,2
DO,Dominican Republic,,,,,NA,ChIJ9bbx3jiIr44R4PcNBiQPAqY,05/07/2021,-8,19,-13,9,-20,2
DO,Dominican Republic,,,,,NA,ChIJ9bbx3jiIr44R4PcNBiQPAqY,06/07/2021,-9,20,-12,10,-20,2
DO,Dominican Republic,,,,,NA,ChIJ9bbx3jiIr44R4PcNBiQPAqY,07/07/2021,-10,20,-12,5,-22,2
DO,Dominican Republic,,,,,NA,ChIJ9bbx3jiIr44R4PcNBiQPAqY,08/07/2021,-8,18,-11,3,-21,2
DO,Dominican Republic,,,,,NA,ChIJ9bbx3jiIr44R4PcNBiQPAqY,09/07/2021,-9,21,-11,7,-19,1
DO,Dominican Republic,,,,,NA,ChIJ9bbx3jiIr44R4PcNBiQPAqY,10/07/2021,-16,12,-17,2,-16,1
DO,Dominican Republic,,,,,NA,ChIJ9bbx3jiIr44R4PcNBiQPAqY,11/07/2021,-22,8,-18,1,-19,1
DO,Dominican Republic,,,,,NA,ChIJ9bbx3jiIr44R4PcNBiQPAqY,12/07/2021,-11,17,-21,1,-21,3
DO,Dominican Republic,,,,,NA,ChIJ9bbx3jiIr44R4PcNBiQPAqY,13/07/2021,-8,19,-13,9,-20,1
DO,Dominican Republic,,,,,NA,ChIJ9bbx3jiIr44R4PcNBiQPAqY,14/07/2021,-9,18,-15,5,-22,2
DO,Dominican Republic,,,,,NA,ChIJ9bbx3jiIr44R4PcNBiQPAqY,15/07/2021,-4,23,-13,7,-20,2
DO,Dominican Republic,,,,,NA,ChIJ9bbx3jiIr44R4PcNBiQPAqY,16/07/2021,-2,29,-8,13,-19,0
DO,Dominican Republic,,,,,NA,ChIJ9bbx3jiIr44R4PcNBiQPAqY,17/07/2021,-8,22,-11,7,-15,0
DO,Dominican Republic,,,,,NA,ChIJ9bbx3jiIr44R4PcNBiQPAqY,18/07/2021,-13,16,-11,7,-17,-1
DO,Dominican Republic,,,,,NA,ChIJ9bbx3jiIr44R4PcNBiQPAqY,19/07/2021,-4,25,-11,9,-19,0
DO,Dominican Republic,,,,,NA,ChIJ9bbx3jiIr44R4PcNBiQPAqY,20/07/2021,-4,25,-9,15,-19,0
DO,Dominican Republic,,,,,NA,ChIJ9bbx3jiIr44R4PcNBiQPAqY,21/07/2021,-5,23,-9,9,-21,1
DO,Dominican Republic,,,,,NA,ChIJ9bbx3jiIr44R4PcNBiQPAqY,22/07/2021,-3,21,-8,8,-20,1
DO,Dominican Republic,,,,,NA,ChIJ9bbx3jiIr44R4PcNBiQPAqY,23/07/2021,-3,26,-8,10,-18,0
DO,Dominican Republic,,,,,NA,ChIJ9bbx3jiIr44R4PcNBiQPAqY,24/07/2021,-4,27,-8,12,-14,-1
DO,Dominican Republic,,,,,NA,ChIJ9bbx3jiIr44R4PcNBiQPAqY,25/07/2021,-4,27,0,14,-15,-3
DO,Dominican Republic,,,,,NA,ChIJ9bbx3jiIr44R4PcNBiQPAqY,26/07/2021,-6,21,-13,8,-19,1
DO,Dominican Republic,,,,,NA,ChIJ9bbx3jiIr44R4PcNBiQPAqY,27/07/2021,-4,25,-8,13,-19,0
DO,Dominican Republic,,,,,NA,ChIJ9bbx3jiIr44R4PcNBiQPAqY,28/07/2021,-8,19,-14,7,-21,1
DO,Dominican Republic,,,,,NA,ChIJ9bbx3jiIr44R4PcNBiQPAqY,29/07/2021,-4,21,-10,6,-20,1
DO,Dominican Republic,,,,,NA,ChIJ9bbx3jiIr44R4PcNBiQPAqY,30/07/2021,-1,29,-7,12,-18,0
DO,Dominican Republic,,,,,NA,ChIJ9bbx3jiIr44R4PcNBiQPAqY,31/07/2021,-5,25,-10,11,-13,-1
DO,Dominican Republic,,,,,NA,ChIJ9bbx3jiIr44R4PcNBiQPAqY,01/08/2021,-6,22,2,14,-15,-3
DO,Dominican Republic,,,,,NA,ChIJ9bbx3jiIr44R4PcNBiQPAqY,02/08/2021,-1,28,-10,12,-20,0
DO,Dominican Republic,,,,,NA,ChIJ9bbx3jiIr44R4PcNBiQPAqY,03/08/2021,-2,27,-9,17,-20,0
DO,Dominican Republic,,,,,NA,ChIJ9bbx3jiIr44R4PcNBiQPAqY,04/08/2021,-3,25,-8,11,-21,1
DO,Dominican Republic,,,,,NA,ChIJ9bbx3jiIr44R4PcNBiQPAqY,05/08/2021,-3,22,-9,11,-20,1
DO,Dominican Republic,,,,,NA,ChIJ9bbx3jiIr44R4PcNBiQPAqY,06/08/2021,-3,25,-7,11,-19,0
DO,Dominican Republic,,,,,NA,ChIJ9bbx3jiIr44R4PcNBiQPAqY,07/08/2021,-8,20,-11,8,-14,-1
DO,Dominican Republic,,,,,NA,ChIJ9bbx3jiIr44R4PcNBiQPAqY,08/08/2021,-10,18,-4,11,-15,-1
DO,Dominican Republic,,,,,NA,ChIJ9bbx3jiIr44R4PcNBiQPAqY,09/08/2021,-5,24,-14,8,-20,1
DO,Dominican Republic,,,,,NA,ChIJ9bbx3jiIr44R4PcNBiQPAqY,10/08/2021,-3,26,-10,15,-20,0
DO,Dominican Republic,,,,,NA,ChIJ9bbx3jiIr44R4PcNBiQPAqY,11/08/2021,-27,-1,-36,-6,-29,7
DO,Dominican Republic,,,,,NA,ChIJ9bbx3jiIr44R4PcNBiQPAqY,12/08/2021,-15,10,-25,-12,-30,6
DO,Dominican Republic,,,,,NA,ChIJ9bbx3jiIr44R4PcNBiQPAqY,13/08/2021,-2,26,-10,12,-20,0
DO,Dominican Republic,,,,,NA,ChIJ9bbx3jiIr44R4PcNBiQPAqY,14/08/2021,-2,27,-5,14,-13,-2
DO,Dominican Republic,,,,,NA,ChIJ9bbx3jiIr44R4PcNBiQPAqY,15/08/2021,-8,25,-6,12,-15,-1
DO,Dominican Republic,,,,,NA,ChIJ9bbx3jiIr44R4PcNBiQPAqY,16/08/2021,-42,-14,-42,-38,-73,20
DO,Dominican Republic,,,,,NA,ChIJ9bbx3jiIr44R4PcNBiQPAqY,17/08/2021,0,31,-12,18,-20,-1
DO,Dominican Republic,,,,,NA,ChIJ9bbx3jiIr44R4PcNBiQPAqY,18/08/2021,-2,25,-10,14,-20,0
DO,Dominican Republic,,,,,NA,ChIJ9bbx3jiIr44R4PcNBiQPAqY,19/08/2021,-1,22,-7,10,-19,1
DO,Dominican Republic,,,,,NA,ChIJ9bbx3jiIr44R4PcNBiQPAqY,20/08/2021,-5,22,-15,10,-19,1
DO,Dominican Republic,,,,,NA,ChIJ9bbx3jiIr44R4PcNBiQPAqY,21/08/2021,-3,22,-8,7,-12,-1
DO,Dominican Republic,,,,,NA,ChIJ9bbx3jiIr44R4PcNBiQPAqY,22/08/2021,-10,15,-9,10,-14,-1
DO,Dominican Republic,,,,,NA,ChIJ9bbx3jiIr44R4PcNBiQPAqY,23/08/2021,-1,25,-11,11,-18,0
DO,Dominican Republic,,,,,NA,ChIJ9bbx3jiIr44R4PcNBiQPAqY,24/08/2021,-2,25,-9,15,-19,-1
DO,Dominican Republic,,,,,NA,ChIJ9bbx3jiIr44R4PcNBiQPAqY,25/08/2021,-2,25,-9,11,-20,0
DO,Dominican Republic,,,,,NA,ChIJ9bbx3jiIr44R4PcNBiQPAqY,26/08/2021,0,25,-8,10,-19,0
DO,Dominican Republic,,,,,NA,ChIJ9bbx3jiIr44R4PcNBiQPAqY,27/08/2021,0,27,-7,11,-18,0
DO,Dominican Republic,,,,,NA,ChIJ9bbx3jiIr44R4PcNBiQPAqY,28/08/2021,-2,24,-6,11,-11,-1
DO,Dominican Republic,,,,,NA,ChIJ9bbx3jiIr44R4PcNBiQPAqY,29/08/2021,-5,21,1,14,-14,-2
DO,Dominican Republic,,,,,NA,ChIJ9bbx3jiIr44R4PcNBiQPAqY,30/08/2021,1,31,-11,12,-18,-1
DO,Dominican Republic,,,,,NA,ChIJ9bbx3jiIr44R4PcNBiQPAqY,31/08/2021,2,33,-10,20,-18,-1
DO,Dominican Republic,,,,,NA,ChIJ9bbx3jiIr44R4PcNBiQPAqY,01/09/2021,1,30,-10,14,-19,0
DO,Dominican Republic,,,,,NA,ChIJ9bbx3jiIr44R4PcNBiQPAqY,02/09/2021,1,26,-11,11,-18,0
DO,Dominican Republic,,,,,NA,ChIJ9bbx3jiIr44R4PcNBiQPAqY,03/09/2021,0,28,-10,13,-16,-1
DO,Dominican Republic,,,,,NA,ChIJ9bbx3jiIr44R4PcNBiQPAqY,04/09/2021,-2,24,-9,13,-12,-1
DO,Dominican Republic,,,,,NA,ChIJ9bbx3jiIr44R4PcNBiQPAqY,05/09/2021,-6,21,-2,13,-14,-2
DO,Dominican Republic,,,,,NA,ChIJ9bbx3jiIr44R4PcNBiQPAqY,06/09/2021,-1,27,-14,11,-16,-1
DO,Dominican Republic,,,,,NA,ChIJ9bbx3jiIr44R4PcNBiQPAqY,07/09/2021,-2,25,-12,14,-16,-1
DO,Dominican Republic,,,,,NA,ChIJ9bbx3jiIr44R4PcNBiQPAqY,08/09/2021,-4,23,-13,9,-18,0
DO,Dominican Republic,,,,,NA,ChIJ9bbx3jiIr44R4PcNBiQPAqY,09/09/2021,-3,20,-11,8,-17,0
DO,Dominican Republic,,,,,NA,ChIJ9bbx3jiIr44R4PcNBiQPAqY,10/09/2021,-3,22,-12,9,-15,0
DO,Dominican Republic,,,,,NA,ChIJ9bbx3jiIr44R4PcNBiQPAqY,11/09/2021,-5,20,-13,6,-11,0
DO,Dominican Republic,,,,,NA,ChIJ9bbx3jiIr44R4PcNBiQPAqY,12/09/2021,-12,15,-15,6,-14,0
DO,Dominican Republic,,,,,NA,ChIJ9bbx3jiIr44R4PcNBiQPAqY,13/09/2021,-3,22,-16,8,-16,0
DO,Dominican Republic,,,,,NA,ChIJ9bbx3jiIr44R4PcNBiQPAqY,14/09/2021,-4,23,-15,11,-17,-1
DO,Dominican Republic,,,,,NA,ChIJ9bbx3jiIr44R4PcNBiQPAqY,15/09/2021,-3,28,-17,10,-18,0
DO,Dominican Republic,,,,,NA,ChIJ9bbx3jiIr44R4PcNBiQPAqY,16/09/2021,2,29,-12,13,-18,-1
DO,Dominican Republic,,,,,NA,ChIJ9bbx3jiIr44R4PcNBiQPAqY,17/09/2021,1,30,-11,15,-16,-1
DO,Dominican Republic,,,,,NA,ChIJ9bbx3jiIr44R4PcNBiQPAqY,18/09/2021,1,30,-8,14,-12,-2
DO,Dominican Republic,,,,,NA,ChIJ9bbx3jiIr44R4PcNBiQPAqY,19/09/2021,-5,26,-9,13,-14,-1
DO,Dominican Republic,,,,,NA,ChIJ9bbx3jiIr44R4PcNBiQPAqY,20/09/2021,-1,29,-16,10,-16,-1
DO,Dominican Republic,,,,,NA,ChIJ9bbx3jiIr44R4PcNBiQPAqY,21/09/2021,-3,26,-16,14,-15,-1
DO,Dominican Republic,,,,,NA,ChIJ9bbx3jiIr44R4PcNBiQPAqY,22/09/2021,-3,25,-13,8,-15,0
DO,Dominican Republic,,,,,NA,ChIJ9bbx3jiIr44R4PcNBiQPAqY,23/09/2021,5,29,-8,15,-15,-2
DO,Dominican Republic,,,,,NA,ChIJ9bbx3jiIr44R4PcNBiQPAqY,24/09/2021,-17,11,2,-13,-62,9
DO,Dominican Republic,,,,,NA,ChIJ9bbx3jiIr44R4PcNBiQPAqY,25/09/2021,-7,18,-6,0,-20,0
DO,Dominican Republic,,,,,NA,ChIJ9bbx3jiIr44R4PcNBiQPAqY,26/09/2021,-10,16,-8,8,-15,-2
DO,Dominican Republic,,,,,NA,ChIJ9bbx3jiIr44R4PcNBiQPAqY,27/09/2021,-2,25,-16,9,-13,-1
DO,Dominican Republic,,,,,NA,ChIJ9bbx3jiIr44R4PcNBiQPAqY,28/09/2021,-3,24,-15,14,-14,-1
DO,Dominican Republic,,,,,NA,ChIJ9bbx3jiIr44R4PcNBiQPAqY,29/09/2021,-5,22,-15,10,-15,0
DO,Dominican Republic,,,,,NA,ChIJ9bbx3jiIr44R4PcNBiQPAqY,30/09/2021,0,27,-15,12,-13,0
DO,Dominican Republic,,,,,NA,ChIJ9bbx3jiIr44R4PcNBiQPAqY,01/10/2021,1,31,-14,14,-12,-1
DO,Dominican Republic,,,,,NA,ChIJ9bbx3jiIr44R4PcNBiQPAqY,02/10/2021,-1,29,-11,12,-11,-1
DO,Dominican Republic,,,,,NA,ChIJ9bbx3jiIr44R4PcNBiQPAqY,03/10/2021,-11,20,-18,6,-16,1
DO,Dominican Republic,,,,,NA,ChIJ9bbx3jiIr44R4PcNBiQPAqY,04/10/2021,-8,22,-25,4,-15,1
DO,Dominican Republic,,,,,NA,ChIJ9bbx3jiIr44R4PcNBiQPAqY,05/10/2021,-3,25,-16,14,-14,-1
DO,Dominican Republic,,,,,NA,ChIJ9bbx3jiIr44R4PcNBiQPAqY,06/10/2021,-6,21,-19,8,-15,0
DO,Dominican Republic,,,,,NA,ChIJ9bbx3jiIr44R4PcNBiQPAqY,07/10/2021,-2,21,-14,9,-13,0
DO,Dominican Republic,,,,,NA,ChIJ9bbx3jiIr44R4PcNBiQPAqY,08/10/2021,-2,22,-14,8,-12,-1
DO,Dominican Republic,,,,,NA,ChIJ9bbx3jiIr44R4PcNBiQPAqY,09/10/2021,-4,20,-13,7,-12,0
DO,Dominican Republic,,,,,NA,ChIJ9bbx3jiIr44R4PcNBiQPAqY,10/10/2021,-9,18,-11,9,-14,0
DO,Dominican Republic,,,,,NA,ChIJ9bbx3jiIr44R4PcNBiQPAqY,11/10/2021,-5,21,-21,5,-12,0
DO,Dominican Republic,,,,,NA,ChIJ9bbx3jiIr44R4PcNBiQPAqY,12/10/2021,-8,17,-24,8,-13,1
DO,Dominican Republic,,,,,NA,ChIJ9bbx3jiIr44R4PcNBiQPAqY,13/10/2021,-5,22,-17,7,-17,1
DO,Dominican Republic,,,,,NA,ChIJ9bbx3jiIr44R4PcNBiQPAqY,14/10/2021,-3,21,-15,5,-12,1
DO,Dominican Republic,,,,,NA,ChIJ9bbx3jiIr44R4PcNBiQPAqY,15/10/2021,0,29,-14,10,-11,-1
DO,Dominican Republic,,,,,NA,ChIJ9bbx3jiIr44R4PcNBiQPAqY,16/10/2021,0,29,-13,11,-12,0
DO,Dominican Republic,,,,,NA,ChIJ9bbx3jiIr44R4PcNBiQPAqY,17/10/2021,-5,26,-9,12,-14,0
DO,Dominican Republic,,,,,NA,ChIJ9bbx3jiIr44R4PcNBiQPAqY,18/10/2021,-2,27,-17,11,-12,0
DO,Dominican Republic,,,,,NA,ChIJ9bbx3jiIr44R4PcNBiQPAqY,19/10/2021,-2,27,-15,13,-13,-1
DO,Dominican Republic,,,,,NA,ChIJ9bbx3jiIr44R4PcNBiQPAqY,20/10/2021,-5,23,-17,11,-14,0
DO,Dominican Republic,,,,,NA,ChIJ9bbx3jiIr44R4PcNBiQPAqY,21/10/2021,-1,23,-13,8,-13,0
DO,Dominican Republic,,,,,NA,ChIJ9bbx3jiIr44R4PcNBiQPAqY,22/10/2021,-1,24,-13,9,-11,-1
DO,Dominican Republic,,,,,NA,ChIJ9bbx3jiIr44R4PcNBiQPAqY,23/10/2021,-2,24,-12,5,-12,0
DO,Dominican Republic,,,,,NA,ChIJ9bbx3jiIr44R4PcNBiQPAqY,24/10/2021,-6,21,-8,7,-14,0
DO,Dominican Republic,,,,,NA,ChIJ9bbx3jiIr44R4PcNBiQPAqY,25/10/2021,-3,25,-18,8,-11,0
DO,Dominican Republic,,,,,NA,ChIJ9bbx3jiIr44R4PcNBiQPAqY,26/10/2021,-1,26,-14,12,-11,-1
DO,Dominican Republic,,,,,NA,ChIJ9bbx3jiIr44R4PcNBiQPAqY,27/10/2021,-2,24,-13,10,-13,0
DO,Dominican Republic,,,,,NA,ChIJ9bbx3jiIr44R4PcNBiQPAqY,28/10/2021,0,23,-12,8,-12,0
DO,Dominican Republic,,,,,NA,ChIJ9bbx3jiIr44R4PcNBiQPAqY,29/10/2021,1,28,-11,11,-11,-1
DO,Dominican Republic,,,,,NA,ChIJ9bbx3jiIr44R4PcNBiQPAqY,30/10/2021,4,31,-9,12,-11,-1
DO,Dominican Republic,,,,,NA,ChIJ9bbx3jiIr44R4PcNBiQPAqY,31/10/2021,-1,27,-3,15,-14,-1
DO,Dominican Republic,,,,,NA,ChIJ9bbx3jiIr44R4PcNBiQPAqY,01/11/2021,2,32,-13,13,-11,-1
DO,Dominican Republic,,,,,NA,ChIJ9bbx3jiIr44R4PcNBiQPAqY,02/11/2021,1,31,-12,18,-11,-1
DO,Dominican Republic,,,,,NA,ChIJ9bbx3jiIr44R4PcNBiQPAqY,03/11/2021,-2,27,-15,12,-13,0
DO,Dominican Republic,,,,,NA,ChIJ9bbx3jiIr44R4PcNBiQPAqY,04/11/2021,-1,24,-14,9,-11,0
DO,Dominican Republic,,,,,NA,ChIJ9bbx3jiIr44R4PcNBiQPAqY,05/11/2021,2,29,-9,14,-15,0
DO,Dominican Republic,,,,,NA,ChIJ9bbx3jiIr44R4PcNBiQPAqY,06/11/2021,-9,16,-7,-2,-35,3
DO,Dominican Republic,,,,,NA,ChIJ9bbx3jiIr44R4PcNBiQPAqY,07/11/2021,-7,19,-8,11,-16,0
DO,Dominican Republic,,,,,NA,ChIJ9bbx3jiIr44R4PcNBiQPAqY,08/11/2021,0,28,-13,11,-10,-1
DO,Dominican Republic,,,,,NA,ChIJ9bbx3jiIr44R4PcNBiQPAqY,09/11/2021,-1,26,-13,13,-10,-1
DO,Dominican Republic,,,,,NA,ChIJ9bbx3jiIr44R4PcNBiQPAqY,10/11/2021,-3,23,-15,11,-12,1
DO,Dominican Republic,,,,,NA,ChIJ9bbx3jiIr44R4PcNBiQPAqY,11/11/2021,-1,22,-13,9,-11,1
DO,Dominican Republic,,,,,NA,ChIJ9bbx3jiIr44R4PcNBiQPAqY,12/11/2021,0,24,-12,11,-10,0
DO,Dominican Republic,,,,,NA,ChIJ9bbx3jiIr44R4PcNBiQPAqY,13/11/2021,0,23,-13,12,-11,1
DO,Dominican Republic,,,,,NA,ChIJ9bbx3jiIr44R4PcNBiQPAqY,14/11/2021,-6,21,-9,10,-13,1
DO,Dominican Republic,,,,,NA,ChIJ9bbx3jiIr44R4PcNBiQPAqY,15/11/2021,2,32,-14,13,-10,0
DO,Dominican Republic,,,,,NA,ChIJ9bbx3jiIr44R4PcNBiQPAqY,16/11/2021,4,34,-11,19,-10,-1
DO,Dominican Republic,,,,,NA,ChIJ9bbx3jiIr44R4PcNBiQPAqY,17/11/2021,1,30,-11,14,-11,0
DO,Dominican Republic,,,,,NA,ChIJ9bbx3jiIr44R4PcNBiQPAqY,18/11/2021,3,28,-10,13,-10,0
DO,Dominican Republic,,,,,NA,ChIJ9bbx3jiIr44R4PcNBiQPAqY,19/11/2021,2,29,-9,15,-9,-1
DO,Dominican Republic,,,,,NA,ChIJ9bbx3jiIr44R4PcNBiQPAqY,20/11/2021,2,27,-8,13,-11,0
DO,Dominican Republic,,,,,NA,ChIJ9bbx3jiIr44R4PcNBiQPAqY,21/11/2021,-3,24,-6,16,-13,0
DO,Dominican Republic,,,,,NA,ChIJ9bbx3jiIr44R4PcNBiQPAqY,22/11/2021,1,29,-12,14,-9,0
DO,Dominican Republic,,,,,NA,ChIJ9bbx3jiIr44R4PcNBiQPAqY,23/11/2021,1,27,-13,19,-9,-1
DO,Dominican Republic,,,,,NA,ChIJ9bbx3jiIr44R4PcNBiQPAqY,24/11/2021,1,28,-12,15,-11,0
DO,Dominican Republic,,,,,NA,ChIJ9bbx3jiIr44R4PcNBiQPAqY,25/11/2021,2,27,-14,13,-11,1
DO,Dominican Republic,,,,,NA,ChIJ9bbx3jiIr44R4PcNBiQPAqY,26/11/2021,7,33,-9,16,-10,-1
DO,Dominican Republic,,,,,NA,ChIJ9bbx3jiIr44R4PcNBiQPAqY,27/11/2021,5,30,-6,17,-10,-1
DO,Dominican Republic,,,,,NA,ChIJ9bbx3jiIr44R4PcNBiQPAqY,28/11/2021,0,27,-3,19,-10,-1
DO,Dominican Republic,,,,,NA,ChIJ9bbx3jiIr44R4PcNBiQPAqY,29/11/2021,3,31,-11,18,-8,-1
DO,Dominican Republic,,,,,NA,ChIJ9bbx3jiIr44R4PcNBiQPAqY,30/11/2021,4,34,-13,24,-8,-2
DO,Dominican Republic,,,,,NA,ChIJ9bbx3jiIr44R4PcNBiQPAqY,01/12/2021,6,38,-7,23,-9,-2
DO,Dominican Republic,,,,,NA,ChIJ9bbx3jiIr44R4PcNBiQPAqY,02/12/2021,7,34,-7,18,-8,0
DO,Dominican Republic,,,,,NA,ChIJ9bbx3jiIr44R4PcNBiQPAqY,03/12/2021,6,34,-6,19,-8,-1
DO,Dominican Republic,,,,,NA,ChIJ9bbx3jiIr44R4PcNBiQPAqY,04/12/2021,3,29,-8,18,-10,0
DO,Dominican Republic,,,,,NA,ChIJ9bbx3jiIr44R4PcNBiQPAqY,05/12/2021,1,29,-3,23,-10,0
DO,Dominican Republic,,,,,NA,ChIJ9bbx3jiIr44R4PcNBiQPAqY,06/12/2021,5,35,-9,19,-7,-1
DO,Dominican Republic,,,,,NA,ChIJ9bbx3jiIr44R4PcNBiQPAqY,07/12/2021,7,36,-9,24,-5,-1
DO,Dominican Republic,,,,,NA,ChIJ9bbx3jiIr44R4PcNBiQPAqY,08/12/2021,8,37,-7,22,-6,-1
DO,Dominican Republic,,,,,NA,ChIJ9bbx3jiIr44R4PcNBiQPAqY,09/12/2021,9,34,-8,18,-4,-1
DO,Dominican Republic,,,,,NA,ChIJ9bbx3jiIr44R4PcNBiQPAqY,10/12/2021,9,37,-8,21,-3,-2
DO,Dominican Republic,,,,,NA,ChIJ9bbx3jiIr44R4PcNBiQPAqY,11/12/2021,9,35,-7,26,-4,-2
DO,Dominican Republic,,,,,NA,ChIJ9bbx3jiIr44R4PcNBiQPAqY,12/12/2021,6,36,-3,25,-3,-1
DO,Dominican Republic,,,,,NA,ChIJ9bbx3jiIr44R4PcNBiQPAqY,13/12/2021,7,37,-15,20,-4,-1
DO,Dominican Republic,,,,,NA,ChIJ9bbx3jiIr44R4PcNBiQPAqY,14/12/2021,10,41,-11,27,-4,-2
DO,Dominican Republic,,,,,NA,ChIJ9bbx3jiIr44R4PcNBiQPAqY,15/12/2021,13,46,-8,28,-6,-1
DO,Dominican Republic,,,,,NA,ChIJ9bbx3jiIr44R4PcNBiQPAqY,16/12/2021,19,48,-4,28,-7,-1
DO,Dominican Republic,,,,,NA,ChIJ9bbx3jiIr44R4PcNBiQPAqY,17/12/2021,16,44,-3,28,-8,-2
DO,Dominican Republic,,,,,NA,ChIJ9bbx3jiIr44R4PcNBiQPAqY,18/12/2021,13,42,-6,34,-5,-2
DO,Dominican Republic,,,,,NA,ChIJ9bbx3jiIr44R4PcNBiQPAqY,19/12/2021,14,45,0,43,-1,-3
DO,Dominican Republic,,,,,NA,ChIJ9bbx3jiIr44R4PcNBiQPAqY,20/12/2021,19,53,-3,30,-15,-1
DO,Dominican Republic,,,,,NA,ChIJ9bbx3jiIr44R4PcNBiQPAqY,21/12/2021,20,55,1,38,-16,-1
DO,Dominican Republic,,,,,NA,ChIJ9bbx3jiIr44R4PcNBiQPAqY,22/12/2021,22,62,4,35,-19,-1
DO,Dominican Republic,,,,,NA,ChIJ9bbx3jiIr44R4PcNBiQPAqY,23/12/2021,24,72,5,35,-25,0
DO,Dominican Republic,,,,,NA,ChIJ9bbx3jiIr44R4PcNBiQPAqY,24/12/2021,3,60,5,9,-49,3
DO,Dominican Republic,,,,,NA,ChIJ9bbx3jiIr44R4PcNBiQPAqY,25/12/2021,-25,-16,6,-16,-61,7
DO,Dominican Republic,,,,,NA,ChIJ9bbx3jiIr44R4PcNBiQPAqY,26/12/2021,-2,31,4,23,-15,-1
DO,Dominican Republic,,,,,NA,ChIJ9bbx3jiIr44R4PcNBiQPAqY,27/12/2021,10,47,-2,15,-25,3
DO,Dominican Republic,,,,,NA,ChIJ9bbx3jiIr44R4PcNBiQPAqY,28/12/2021,9,45,-2,20,-25,3
DO,Dominican Republic,,,,,NA,ChIJ9bbx3jiIr44R4PcNBiQPAqY,29/12/2021,9,47,1,17,-28,4
DO,Dominican Republic,,,,,NA,ChIJ9bbx3jiIr44R4PcNBiQPAqY,30/12/2021,18,59,9,23,-30,3
DO,Dominican Republic,,,,,NA,ChIJ9bbx3jiIr44R4PcNBiQPAqY,31/12/2021,5,59,17,8,-49,5
DO,Dominican Republic,,,,,NA,ChIJ9bbx3jiIr44R4PcNBiQPAqY,01/01/2022,-26,-22,17,-22,-65,8
DO,Dominican Republic,,,,,NA,ChIJ9bbx3jiIr44R4PcNBiQPAqY,02/01/2022,-9,27,2,16,-21,1
DO,Dominican Republic,,,,,NA,ChIJ9bbx3jiIr44R4PcNBiQPAqY,03/01/2022,0,43,-7,6,-27,6
DO,Dominican Republic,,,,,NA,ChIJ9bbx3jiIr44R4PcNBiQPAqY,04/01/2022,-2,40,-9,10,-26,6
DO,Dominican Republic,,,,,NA,ChIJ9bbx3jiIr44R4PcNBiQPAqY,05/01/2022,-2,38,-10,7,-27,7
DO,Dominican Republic,,,,,NA,ChIJ9bbx3jiIr44R4PcNBiQPAqY,06/01/2022,-1,35,-7,4,-26,8
DO,Dominican Republic,,,,,NA,ChIJ9bbx3jiIr44R4PcNBiQPAqY,07/01/2022,-5,31,-12,2,-24,8
DO,Dominican Republic,,,,,NA,ChIJ9bbx3jiIr44R4PcNBiQPAqY,08/01/2022,-7,26,-11,5,-12,5
DO,Dominican Republic,,,,,NA,ChIJ9bbx3jiIr44R4PcNBiQPAqY,09/01/2022,-10,20,-7,13,-10,4
DO,Dominican Republic,,,,,NA,ChIJ9bbx3jiIr44R4PcNBiQPAqY,10/01/2022,-16,13,-2,-19,-63,15
DO,Dominican Republic,,,,,NA,ChIJ9bbx3jiIr44R4PcNBiQPAqY,11/01/2022,-1,34,-13,15,-16,4
DO,Dominican Republic,,,,,NA,ChIJ9bbx3jiIr44R4PcNBiQPAqY,12/01/2022,-4,30,-12,10,-17,6
DO,Dominican Republic,,,,,NA,ChIJ9bbx3jiIr44R4PcNBiQPAqY,13/01/2022,-2,27,-10,7,-15,6
DO,Dominican Republic,,,,,NA,ChIJ9bbx3jiIr44R4PcNBiQPAqY,14/01/2022,-2,33,-12,9,-13,5
DO,Dominican Republic,,,,,NA,ChIJ9bbx3jiIr44R4PcNBiQPAqY,15/01/2022,0,32,-9,12,-4,4
DO,Dominican Republic,,,,,NA,ChIJ9bbx3jiIr44R4PcNBiQPAqY,16/01/2022,-3,30,0,17,-4,3
DO,Dominican Republic,,,,,NA,ChIJ9bbx3jiIr44R4PcNBiQPAqY,17/01/2022,3,38,-7,14,-11,3
DO,Dominican Republic,,,,,NA,ChIJ9bbx3jiIr44R4PcNBiQPAqY,18/01/2022,2,35,-8,17,-10,3
DO,Dominican Republic,,,,,NA,ChIJ9bbx3jiIr44R4PcNBiQPAqY,19/01/2022,3,33,-7,13,-11,4
DO,Dominican Republic,,,,,NA,ChIJ9bbx3jiIr44R4PcNBiQPAqY,20/01/2022,11,40,-3,20,-10,3
DO,Dominican Republic,,,,,NA,ChIJ9bbx3jiIr44R4PcNBiQPAqY,21/01/2022,-12,16,11,-12,-59,13
DO,Dominican Republic,,,,,NA,ChIJ9bbx3jiIr44R4PcNBiQPAqY,22/01/2022,-2,25,6,6,-16,3
DO,Dominican Republic,,,,,NA,ChIJ9bbx3jiIr44R4PcNBiQPAqY,23/01/2022,-2,22,16,11,-8,0
DO,Dominican Republic,,,,,NA,ChIJ9bbx3jiIr44R4PcNBiQPAqY,24/01/2022,-13,9,5,-20,-62,13
DO,Dominican Republic,,,,,NA,ChIJ9bbx3jiIr44R4PcNBiQPAqY,25/01/2022,4,36,-9,20,-5,1
DO,Dominican Republic,,,,,NA,ChIJ9bbx3jiIr44R4PcNBiQPAqY,26/01/2022,2,32,-7,13,-7,3
DO,Dominican Republic,,,,,NA,ChIJ9bbx3jiIr44R4PcNBiQPAqY,27/01/2022,4,30,-8,13,-5,3
DO,Dominican Republic,,,,,NA,ChIJ9bbx3jiIr44R4PcNBiQPAqY,28/01/2022,6,35,-8,15,-3,2
DO,Dominican Republic,,,,,NA,ChIJ9bbx3jiIr44R4PcNBiQPAqY,29/01/2022,7,37,-5,10,0,2
DO,Dominican Republic,,,,,NA,ChIJ9bbx3jiIr44R4PcNBiQPAqY,30/01/2022,2,32,-2,14,-1,1
DO,Dominican Republic,,,,,NA,ChIJ9bbx3jiIr44R4PcNBiQPAqY,31/01/2022,5,39,-14,16,-4,3
DO,Dominican Republic,,,,,NA,ChIJ9bbx3jiIr44R4PcNBiQPAqY,01/02/2022,6,40,-12,24,-3,1
DO,Dominican Republic,,,,,NA,ChIJ9bbx3jiIr44R4PcNBiQPAqY,02/02/2022,5,38,-11,17,-4,2
DO,Dominican Republic,,,,,NA,ChIJ9bbx3jiIr44R4PcNBiQPAqY,03/02/2022,3,31,-16,14,-3,3
DO,Dominican Republic,,,,,NA,ChIJ9bbx3jiIr44R4PcNBiQPAqY,04/02/2022,4,35,-13,15,-2,2
DO,Dominican Republic,,,,,NA,ChIJ9bbx3jiIr44R4PcNBiQPAqY,05/02/2022,4,33,-10,10,-1,3
DO,Dominican Republic,,,,,NA,ChIJ9bbx3jiIr44R4PcNBiQPAqY,06/02/2022,-7,22,-18,7,-3,4
DO,Dominican Republic,,,,,NA,ChIJ9bbx3jiIr44R4PcNBiQPAqY,07/02/2022,3,34,-16,15,-2,2
DO,Dominican Republic,,,,,NA,ChIJ9bbx3jiIr44R4PcNBiQPAqY,08/02/2022,4,34,-12,20,-2,2
DO,Dominican Republic,,,,,NA,ChIJ9bbx3jiIr44R4PcNBiQPAqY,09/02/2022,4,32,-9,15,-4,2
DO,Dominican Republic,,,,,NA,ChIJ9bbx3jiIr44R4PcNBiQPAqY,10/02/2022,6,30,-8,17,-3,3
DO,Dominican Republic,,,,,NA,ChIJ9bbx3jiIr44R4PcNBiQPAqY,11/02/2022,6,33,-7,17,-1,2
DO,Dominican Republic,,,,,NA,ChIJ9bbx3jiIr44R4PcNBiQPAqY,12/02/2022,6,33,-7,16,0,2
DO,Dominican Republic,,,,,NA,ChIJ9bbx3jiIr44R4PcNBiQPAqY,13/02/2022,4,38,-2,16,1,1
DO,Dominican Republic,,,,,NA,ChIJ9bbx3jiIr44R4PcNBiQPAqY,14/02/2022,19,47,0,20,1,0
DO,Dominican Republic,,,,,NA,ChIJ9bbx3jiIr44R4PcNBiQPAqY,15/02/2022,7,40,-8,22,-1,1
DO,Dominican Republic,,,,,NA,ChIJ9bbx3jiIr44R4PcNBiQPAqY,16/02/2022,5,39,-8,19,-3,2
DO,Dominican Republic,,,,,NA,ChIJ9bbx3jiIr44R4PcNBiQPAqY,17/02/2022,7,34,-7,18,-1,2
DO,Dominican Republic,,,,,NA,ChIJ9bbx3jiIr44R4PcNBiQPAqY,18/02/2022,6,35,-7,18,1,1
DO,Dominican Republic,,,,,NA,ChIJ9bbx3jiIr44R4PcNBiQPAqY,19/02/2022,6,34,-4,15,0,2
DO,Dominican Republic,,,,,NA,ChIJ9bbx3jiIr44R4PcNBiQPAqY,20/02/2022,2,30,3,20,-1,1
DO,Dominican Republic,,,,,NA,ChIJ9bbx3jiIr44R4PcNBiQPAqY,21/02/2022,4,35,-8,17,0,2
DO,Dominican Republic,,,,,NA,ChIJ9bbx3jiIr44R4PcNBiQPAqY,22/02/2022,4,34,-6,20,0,1
DO,Dominican Republic,,,,,NA,ChIJ9bbx3jiIr44R4PcNBiQPAqY,23/02/2022,3,34,-5,18,-2,2
DO,Dominican Republic,,,,,NA,ChIJ9bbx3jiIr44R4PcNBiQPAqY,24/02/2022,4,32,-5,17,0,3
DO,Dominican Republic,,,,,NA,ChIJ9bbx3jiIr44R4PcNBiQPAqY,25/02/2022,5,34,-1,17,2,2
DO,Dominican Republic,,,,,NA,ChIJ9bbx3jiIr44R4PcNBiQPAqY,26/02/2022,5,34,-2,13,1,2
DO,Dominican Republic,,,,,NA,ChIJ9bbx3jiIr44R4PcNBiQPAqY,27/02/2022,2,30,15,18,1,1
DO,Dominican Republic,,,,,NA,ChIJ9bbx3jiIr44R4PcNBiQPAqY,28/02/2022,7,43,-1,18,1,1
DO,Dominican Republic,,,,,NA,ChIJ9bbx3jiIr44R4PcNBiQPAqY,01/03/2022,7,44,0,23,1,1
DO,Dominican Republic,,,,,NA,ChIJ9bbx3jiIr44R4PcNBiQPAqY,02/03/2022,5,39,-1,19,-1,2
DO,Dominican Republic,,,,,NA,ChIJ9bbx3jiIr44R4PcNBiQPAqY,03/03/2022,6,35,2,16,1,3
DO,Dominican Republic,,,,,NA,ChIJ9bbx3jiIr44R4PcNBiQPAqY,04/03/2022,4,34,-1,15,1,4
DO,Dominican Republic,,,,,NA,ChIJ9bbx3jiIr44R4PcNBiQPAqY,05/03/2022,-2,26,-12,10,-1,5
DO,Dominican Republic,,,,,NA,ChIJ9bbx3jiIr44R4PcNBiQPAqY,06/03/2022,-6,23,-9,10,-2,5
DO,Dominican Republic,,,,,NA,ChIJ9bbx3jiIr44R4PcNBiQPAqY,07/03/2022,-1,29,-8,11,1,5
DO,Dominican Republic,,,,,NA,ChIJ9bbx3jiIr44R4PcNBiQPAqY,08/03/2022,3,32,0,15,3,5
DO,Dominican Republic,,,,,NA,ChIJ9bbx3jiIr44R4PcNBiQPAqY,09/03/2022,0,29,2,10,0,6
DO,Dominican Republic,,,,,NA,ChIJ9bbx3jiIr44R4PcNBiQPAqY,10/03/2022,2,26,4,8,3,7
DO,Dominican Republic,,,,,NA,ChIJ9bbx3jiIr44R4PcNBiQPAqY,11/03/2022,2,28,4,8,2,7
DO,Dominican Republic,,,,,NA,ChIJ9bbx3jiIr44R4PcNBiQPAqY,12/03/2022,1,26,3,5,3,7
DO,Dominican Republic,,,,,NA,ChIJ9bbx3jiIr44R4PcNBiQPAqY,13/03/2022,-4,25,5,10,1,7
DO,Dominican Republic,,,,,NA,ChIJ9bbx3jiIr44R4PcNBiQPAqY,14/03/2022,0,29,1,10,4,7
DO,Dominican Republic,,,,,NA,ChIJ9bbx3jiIr44R4PcNBiQPAqY,15/03/2022,5,38,6,17,4,6
DO,Dominican Republic,,,,,NA,ChIJ9bbx3jiIr44R4PcNBiQPAqY,16/03/2022,4,36,7,13,1,6
DO,Dominican Republic,,,,,NA,ChIJ9bbx3jiIr44R4PcNBiQPAqY,17/03/2022,4,32,7,10,3,7
DO,Dominican Republic,,,,,NA,ChIJ9bbx3jiIr44R4PcNBiQPAqY,18/03/2022,3,31,6,11,4,6
DO,Dominican Republic,,,,,NA,ChIJ9bbx3jiIr44R4PcNBiQPAqY,19/03/2022,4,30,9,9,2,6
DO,Dominican Republic,,,,,NA,ChIJ9bbx3jiIr44R4PcNBiQPAqY,20/03/2022,1,29,16,16,0,5
DO,Dominican Republic,,,,,NA,ChIJ9bbx3jiIr44R4PcNBiQPAqY,21/03/2022,2,31,5,11,4,7
DO,Dominican Republic,,,,,NA,ChIJ9bbx3jiIr44R4PcNBiQPAqY,22/03/2022,3,31,5,15,3,6
DO,Dominican Republic,,,,,NA,ChIJ9bbx3jiIr44R4PcNBiQPAqY,23/03/2022,1,30,5,12,2,7
DO,Dominican Republic,,,,,NA,ChIJ9bbx3jiIr44R4PcNBiQPAqY,24/03/2022,3,29,6,9,3,7
DO,Dominican Republic,,,,,NA,ChIJ9bbx3jiIr44R4PcNBiQPAqY,25/03/2022,4,32,7,12,-1,7
DO,Dominican Republic,,,,,NA,ChIJ9bbx3jiIr44R4PcNBiQPAqY,26/03/2022,3,29,8,8,2,6
DO,Dominican Republic,,,,,NA,ChIJ9bbx3jiIr44R4PcNBiQPAqY,27/03/2022,-2,28,12,16,0,5
DO,Dominican Republic,,,,,NA,ChIJ9bbx3jiIr44R4PcNBiQPAqY,28/03/2022,-5,23,-8,6,3,9
DO,Dominican Republic,,,,,NA,ChIJ9bbx3jiIr44R4PcNBiQPAqY,29/03/2022,-4,26,-7,13,3,7
DO,Dominican Republic,,,,,NA,ChIJ9bbx3jiIr44R4PcNBiQPAqY,30/03/2022,-2,32,-4,10,-3,9
DO,Dominican Republic,,,,,NA,ChIJ9bbx3jiIr44R4PcNBiQPAqY,31/03/2022,6,39,7,12,4,6
DO,Dominican Republic,,,,,NA,ChIJ9bbx3jiIr44R4PcNBiQPAqY,01/04/2022,4,35,6,13,4,5